,wmc,dit,noc,cbo,rfc,lcom,ca,ce,npm,lcom3,loc,dam,moa,mfa,cam,ic,cbm,amc,max_cc,avg_cc,Defective
0,0.04878,0.333333,0.0,0.032432,0.055944,0.002071,0.01087,0.15625,0.051948,1.0,0.026,0.0,0.0,0.896552,0.5,0.0,0.0,0.072589,0.038462,0.115385,1
1,0.073171,0.5,0.0,0.113514,0.230769,0.005178,0.005435,0.65625,0.025974,1.0,0.176,0.0,0.0,0.8,0.5,0.666667,0.25,0.373942,0.038462,0.102569,1
2,0.02439,0.5,0.0,0.016216,0.048951,0.000345,0.0,0.09375,0.012987,1.0,0.024,0.0,0.0,0.833333,0.666667,0.333333,0.125,0.145178,0.038462,0.076923,1
3,0.317073,0.166667,0.04,0.054054,0.328671,0.0,0.027174,0.15625,0.311688,0.04,0.236,1.0,0.142857,0.0,0.258242,0.0,0.0,0.106091,0.076923,0.153846,1
4,0.04878,0.5,0.0,0.021622,0.132867,0.002071,0.005435,0.125,0.038961,1.0,0.062,0.0,0.0,0.888889,0.375,0.333333,0.125,0.191371,0.038462,0.076923,1
5,0.097561,0.5,0.0,0.032432,0.090909,0.004833,0.01087,0.1875,0.103896,0.333334,0.07,1.0,0.0,0.909091,0.35,0.333333,0.125,0.097335,0.038462,0.134615,1
6,0.158537,0.333333,0.0,0.097297,0.783217,0.026234,0.016304,0.53125,0.012987,0.4375,1.0,1.0,0.142857,0.4,0.272727,0.333333,0.125,1.0,0.384615,0.804738,1
7,0.158537,0.166667,0.0,0.356757,0.090909,0.026924,0.358696,0.03125,0.168831,1.0,0.013,0.0,0.0,0.0,0.369231,0.0,0.0,0.0,0.038462,0.153846,0
8,0.02439,0.166667,0.0,0.021622,0.020979,0.0,0.01087,0.0625,0.025974,0.0,0.012,1.0,0.142857,0.0,0.75,0.0,0.0,0.059391,0.038462,0.076923,1
9,0.073171,0.5,0.0,0.07027,0.125874,0.004487,0.005435,0.40625,0.051948,0.4,0.076,1.0,0.0,0.8,0.333333,0.333333,0.125,0.151777,0.038462,0.102569,1
10,0.304878,0.333333,0.0,0.097297,0.314685,0.086987,0.043478,0.4375,0.25974,0.3375,0.273,1.0,0.428571,0.233333,0.24,0.333333,0.125,0.128284,0.192308,0.172308,1
11,0.02439,0.833333,0.0,0.010811,0.041958,0.0,0.005435,0.03125,0.025974,0.5,0.022,1.0,0.0,0.944444,0.666667,0.0,0.0,0.118782,0.038462,0.076923,1
12,0.085366,0.333333,0.0,0.037838,0.174825,0.0,0.005435,0.1875,0.064935,0.083334,0.153,1.0,0.142857,0.538462,0.357143,0.333333,0.125,0.271501,0.153846,0.1978,1
13,0.036585,0.833333,0.0,0.010811,0.041958,0.001036,0.005435,0.03125,0.038961,1.0,0.016,0.0,0.0,1.0,0.777778,0.0,0.0,0.057191,0.0,0.0,1
14,0.073171,0.166667,0.0,0.010811,0.174825,0.001726,0.01087,0.0,0.064935,0.35,0.166,1.0,0.0,0.0,0.5,0.0,0.0,0.338748,0.038462,0.076923,1
15,0.231707,0.333333,0.0,0.108108,0.216783,0.04591,0.032609,0.5625,0.233766,0.322222,0.17,1.0,0.285714,0.4375,0.163158,0.333333,0.125,0.101416,0.076923,0.153846,1
16,0.085366,0.333333,0.0,0.059459,0.146853,0.005868,0.032609,0.15625,0.077922,0.333334,0.09,1.0,0.0,0.375,0.375,0.0,0.0,0.152719,0.076923,0.153846,1
17,0.036585,0.166667,0.0,0.048649,0.055944,0.000345,0.021739,0.15625,0.038961,0.0,0.026,1.0,0.142857,0.0,0.5,0.0,0.0,0.096785,0.038462,0.051277,1
18,0.0,0.166667,0.0,0.145946,0.0,0.0,0.141304,0.03125,0.0,1.0,0.0,0.0,0.0,0.0,0.0,0.0,0.0,0.0,0.0,0.0,1
19,0.02439,0.333333,0.0,0.032432,0.027972,0.0,0.005435,0.1875,0.025974,0.0,0.016,1.0,0.142857,0.961538,0.666667,0.0,0.0,0.085787,0.038462,0.076923,1
20,0.146341,0.5,0.0,0.043243,0.132867,0.020711,0.005435,0.25,0.116883,0.181818,0.101,1.0,0.0,0.521739,0.354167,0.333333,0.125,0.096785,0.115385,0.179492,1
21,0.02439,1.0,0.0,0.010811,0.048951,0.0,0.005435,0.03125,0.025974,0.0,0.025,1.0,0.0,0.944444,0.666667,0.0,0.0,0.145178,0.038462,0.076923,1
22,0.170732,0.5,0.0,0.032432,0.202797,0.012081,0.005435,0.1875,0.168831,0.076923,0.132,1.0,0.0,0.636364,0.339286,0.666667,1.0,0.110297,0.076923,0.175831,1
23,0.0,0.166667,0.0,0.005405,0.0,0.0,0.005435,0.0,0.0,1.0,0.0,0.0,0.0,0.0,0.0,0.0,0.0,0.0,0.0,0.0,1
24,0.134146,0.333333,0.36,0.081081,0.160839,0.016914,0.054348,0.15625,0.116883,0.3,0.087,1.0,0.0,0.52381,0.327273,0.333333,0.125,0.089986,0.076923,0.167831,1
25,0.158537,0.5,0.0,0.075676,0.230769,0.023473,0.048913,0.21875,0.142857,0.427084,0.121,1.0,0.142857,0.45,0.283333,0.0,0.0,0.105584,0.076923,0.153846,1
26,0.036585,0.5,0.0,0.027027,0.055944,0.001036,0.005435,0.15625,0.025974,1.0,0.028,0.0,0.0,0.941176,0.5,0.333333,0.125,0.109983,0.038462,0.051277,1
27,0.158537,0.5,0.0,0.043243,0.202797,0.012427,0.005435,0.25,0.142857,0.25,0.158,1.0,0.0,0.65625,0.326923,0.666667,0.875,0.146193,0.153846,0.201185,1
28,0.04878,0.166667,0.0,0.027027,0.034965,0.0,0.027174,0.0,0.051948,0.333334,0.028,1.0,0.0,0.0,0.4375,0.0,0.0,0.069289,0.038462,0.115385,1
29,0.146341,0.5,0.0,0.059459,0.188811,0.015188,0.005435,0.3125,0.103896,0.363637,0.124,1.0,0.285714,0.571429,0.233766,0.333333,0.125,0.118782,0.115385,0.141031,1
30,0.036585,0.166667,0.0,0.021622,0.041958,0.0,0.01087,0.0625,0.025974,0.25,0.033,1.0,0.142857,0.0,0.666667,0.0,0.0,0.118782,0.076923,0.153846,1
31,0.195122,0.333333,0.0,0.043243,0.132867,0.039351,0.021739,0.1875,0.155844,0.4,0.09,1.0,0.142857,0.65,0.2875,0.333333,0.375,0.060216,0.038462,0.134615,1
32,0.085366,0.333333,0.08,0.016216,0.055944,0.003107,0.01087,0.03125,0.090909,0.333334,0.04,1.0,0.0,0.333333,0.642857,0.0,0.0,0.058448,0.076923,0.175831,1
33,0.097561,0.166667,0.12,0.059459,0.083916,0.004833,0.054348,0.03125,0.090909,0.357143,0.056,1.0,0.142857,0.0,0.5,0.0,0.0,0.074239,0.038462,0.134615,1
34,0.012195,0.166667,0.0,0.027027,0.006993,0.0,0.021739,0.03125,0.012987,1.0,0.001,0.0,0.0,0.0,1.0,0.0,0.0,0.0,0.038462,0.153846,1
35,0.036585,0.166667,0.0,0.027027,0.055944,0.001036,0.005435,0.125,0.038961,1.0,0.023,0.0,0.0,0.0,0.5,0.0,0.0,0.087986,0.038462,0.102569,1
36,0.02439,0.166667,0.0,0.005405,0.013986,0.000345,0.005435,0.0,0.025974,1.0,0.002,0.0,0.0,0.0,1.0,0.0,0.0,0.0,0.038462,0.153846,1
37,0.036585,0.666667,0.0,0.021622,0.062937,0.0,0.005435,0.125,0.038961,0.25,0.033,1.0,0.285714,0.894737,0.555556,0.0,0.0,0.123181,0.038462,0.102569,1
38,0.02439,0.5,0.0,0.021622,0.034965,0.0,0.005435,0.125,0.025974,0.0,0.02,1.0,0.142857,0.985915,0.666667,0.333333,0.125,0.112183,0.038462,0.076923,1
39,0.060976,0.5,0.0,0.021622,0.06993,0.00069,0.005435,0.09375,0.064935,0.3125,0.04,1.0,0.0,0.902439,0.466667,0.333333,0.125,0.087107,0.076923,0.153846,1
40,0.04878,0.5,0.0,0.059459,0.160839,0.0,0.005435,0.34375,0.012987,0.25,0.075,1.0,0.142857,0.833333,0.4375,0.333333,0.125,0.227665,0.038462,0.115385,1
41,0.04878,0.166667,0.0,0.021622,0.06993,0.0,0.005435,0.09375,0.051948,0.0,0.035,1.0,0.0,0.0,0.583333,0.0,0.0,0.098985,0.038462,0.115385,1
42,0.182927,0.333333,0.0,0.086486,0.146853,0.030721,0.016304,0.5,0.194805,0.392857,0.105,1.0,0.285714,0.5,0.183333,0.333333,0.25,0.075668,0.076923,0.153846,1
43,0.085366,0.5,0.0,0.027027,0.167832,0.001036,0.0,0.15625,0.064935,0.25,0.141,1.0,0.285714,0.5,0.267857,0.666667,0.25,0.245105,0.115385,0.1978,1
44,0.04878,0.5,0.0,0.032432,0.041958,0.0,0.005435,0.1875,0.025974,0.25,0.03,1.0,0.285714,0.958904,0.45,0.333333,0.125,0.079188,0.038462,0.115385,1
45,0.182927,0.5,0.0,0.075676,0.321678,0.032102,0.005435,0.4375,0.103896,0.410715,0.217,1.0,0.0,0.571429,0.261905,0.666667,0.25,0.174213,0.076923,0.133338,1
46,0.02439,0.166667,0.0,0.010811,0.076923,0.000345,0.005435,0.03125,0.025974,1.0,0.054,0.0,0.0,0.0,0.666667,0.0,0.0,0.343147,0.230769,0.461538,1
47,0.012195,0.166667,0.0,0.005405,0.006993,0.0,0.005435,0.0,0.012987,1.0,0.001,0.0,0.0,0.0,1.0,0.0,0.0,0.0,0.038462,0.153846,1
48,0.597561,0.5,0.04,0.07027,0.678322,0.403866,0.01087,0.375,0.597403,0.357639,0.378,0.333333,0.142857,0.258065,0.121088,0.333333,0.125,0.087807,0.076923,0.147569,1
49,0.109756,0.333333,0.0,0.032432,0.104895,0.002761,0.0,0.1875,0.116883,0.333334,0.087,0.0,0.285714,0.578947,0.333333,0.0,0.0,0.109983,0.038462,0.136754,1
50,0.109756,0.333333,0.56,0.118919,0.132867,0.005523,0.081522,0.21875,0.077922,0.354167,0.077,1.0,0.428571,0.466667,0.288889,0.333333,0.125,0.095319,0.076923,0.153846,1
51,0.060976,0.5,0.0,0.043243,0.216783,0.00069,0.005435,0.25,0.038961,0.25,0.122,1.0,0.142857,0.8,0.4,0.0,0.0,0.303553,0.115385,0.184615,0
52,0.02439,0.833333,0.0,0.021622,0.048951,0.0,0.01087,0.0625,0.025974,0.0,0.025,1.0,0.142857,0.944444,0.666667,0.0,0.0,0.145178,0.038462,0.076923,1
53,0.036585,0.833333,0.0,0.021622,0.055944,0.0,0.005435,0.09375,0.038961,0.25,0.032,1.0,0.285714,0.894737,0.555556,0.0,0.0,0.118782,0.038462,0.102569,1
54,0.02439,0.166667,0.0,0.010811,0.132867,0.000345,0.005435,0.03125,0.025974,1.0,0.121,0.0,0.0,0.0,0.666667,0.0,0.0,0.785279,0.5,1.0,1
55,0.121951,0.333333,0.0,0.081081,0.195804,0.010701,0.016304,0.46875,0.090909,0.407408,0.097,0.666667,0.0,0.636364,0.222222,0.333333,0.125,0.110863,0.038462,0.123077,1
56,0.085366,0.333333,0.0,0.043243,0.111888,0.0,0.016304,0.15625,0.064935,0.166667,0.067,1.0,0.285714,0.538462,0.357143,0.333333,0.125,0.109355,0.038462,0.131862,1
57,0.195122,0.333333,0.04,0.07027,0.251748,0.026924,0.005435,0.375,0.12987,0.375,0.188,1.0,0.142857,0.333333,0.2375,0.333333,0.125,0.138579,0.115385,0.163462,1
58,0.121951,0.0,0.0,0.064865,0.118881,0.007249,0.0,0.375,0.116883,0.333334,0.08,1.0,0.142857,0.0,0.333333,0.0,0.0,0.088426,0.038462,0.123077,1
59,0.121951,0.5,0.0,0.086486,0.153846,0.014843,0.01087,0.4375,0.103896,0.166667,0.093,1.0,0.0,0.826087,0.4,0.333333,0.125,0.108223,0.038462,0.123077,1
60,0.036585,0.166667,0.0,0.027027,0.020979,0.001036,0.021739,0.03125,0.038961,1.0,0.003,0.0,0.0,0.0,0.833333,0.0,0.0,0.0,0.038462,0.153846,1
61,0.04878,0.166667,0.16,0.032432,0.076923,0.002071,0.021739,0.0625,0.038961,1.0,0.036,0.0,0.0,0.0,0.5625,0.0,0.0,0.105584,0.076923,0.153846,1
62,0.02439,0.333333,0.0,0.016216,0.041958,0.000345,0.0,0.09375,0.025974,1.0,0.014,0.0,0.0,0.833333,0.666667,0.0,0.0,0.079188,0.038462,0.076923,1
63,0.121951,0.5,0.0,0.021622,0.097902,0.011391,0.005435,0.125,0.12987,0.111111,0.058,1.0,0.0,0.724138,0.6,0.666667,0.625,0.06203,0.038462,0.123077,1
64,0.012195,0.833333,0.0,0.010811,0.013986,0.0,0.005435,0.03125,0.012987,1.0,0.007,1.0,0.0,1.0,1.0,0.0,0.0,0.06599,0.0,0.0,1
65,0.158537,0.0,0.0,0.086486,0.300699,0.025544,0.01087,0.46875,0.116883,0.430556,0.223,1.0,0.285714,0.0,0.21978,0.0,0.0,0.210152,0.076923,0.177508,1
66,0.146341,0.166667,0.0,0.021622,0.104895,0.015878,0.0,0.125,0.142857,0.397728,0.073,1.0,0.285714,0.0,0.266667,0.0,0.0,0.06269,0.038462,0.141031,1
67,0.109756,0.166667,0.0,0.027027,0.111888,0.012427,0.01087,0.09375,0.116883,1.0,0.069,0.0,0.0,0.0,0.194444,0.0,0.0,0.087986,0.038462,0.136754,1
68,0.04878,0.166667,0.08,0.021622,0.055944,0.0,0.01087,0.0625,0.051948,0.0,0.028,1.0,0.0,0.0,0.75,0.0,0.0,0.075888,0.038462,0.115385,1
69,0.207317,0.166667,0.0,0.454054,0.118881,0.046945,0.434783,0.21875,0.220779,1.0,0.017,0.0,0.0,0.0,0.222222,0.0,0.0,0.0,0.038462,0.153846,0
70,0.012195,0.166667,0.0,0.0,0.013986,0.0,0.0,0.0,0.012987,1.0,0.022,0.0,0.0,0.0,1.0,0.0,0.0,0.039594,0.0,0.0,1
71,0.036585,0.333333,0.0,0.037838,0.041958,0.0,0.021739,0.125,0.038961,0.0,0.024,1.0,0.0,0.928571,0.666667,0.0,0.0,0.087986,0.038462,0.102569,1
72,0.134146,0.166667,0.0,0.086486,0.314685,0.011391,0.016304,0.4375,0.064935,0.36,0.302,1.0,0.285714,0.0,0.3,0.0,0.0,0.343147,0.192308,0.321677,1
73,0.060976,0.0,0.0,0.043243,0.13986,0.0,0.01087,0.1875,0.038961,0.0,0.072,1.0,0.0,0.0,0.5,0.0,0.0,0.174213,0.038462,0.123077,1
74,0.073171,0.166667,0.0,0.027027,0.181818,0.000345,0.005435,0.125,0.064935,0.5,0.145,0.375,0.142857,0.0,0.36,0.0,0.0,0.288156,0.384615,0.333338,1
75,0.134146,0.166667,0.0,0.032432,0.202797,0.005868,0.005435,0.1875,0.103896,0.316667,0.16,1.0,0.142857,0.0,0.30303,0.0,0.0,0.175173,0.192308,0.209785,1
76,0.182927,0.166667,0.0,0.005405,0.125874,0.032793,0.005435,0.0,0.155844,0.142857,0.106,1.0,0.0,0.0,0.377778,0.0,0.0,0.078308,0.038462,0.143585,1
77,0.04878,0.166667,0.12,0.016216,0.076923,0.0,0.016304,0.0,0.051948,0.166667,0.031,1.0,0.0,0.0,0.625,0.0,0.0,0.085787,0.038462,0.115385,1
78,0.02439,0.833333,0.0,0.010811,0.048951,0.0,0.005435,0.03125,0.025974,0.0,0.025,1.0,0.0,0.944444,0.666667,0.0,0.0,0.145178,0.038462,0.076923,1
79,1.0,0.166667,0.04,0.118919,1.0,1.0,0.021739,0.5625,1.0,0.477469,0.935,1.0,0.142857,0.0,0.114447,0.0,0.0,0.130853,1.0,0.223262,1
80,0.121951,0.5,0.0,0.059459,0.118881,0.011391,0.016304,0.34375,0.116883,0.277778,0.079,1.0,0.0,0.666667,0.266667,0.333333,0.125,0.088426,0.115385,0.169231,0
81,0.060976,0.333333,0.0,0.037838,0.097902,0.00069,0.016304,0.21875,0.038961,0.3125,0.112,1.0,0.428571,0.692308,0.533333,0.0,0.0,0.271878,0.038462,0.123077,1
82,0.109756,0.166667,0.0,0.037838,0.083916,0.0,0.005435,0.1875,0.116883,0.125,0.087,1.0,0.142857,0.0,0.416667,0.0,0.0,0.11145,0.038462,0.102569,1
83,0.073171,0.166667,0.0,0.043243,0.083916,0.005178,0.005435,0.21875,0.077922,1.0,0.037,0.0,0.0,0.0,0.5,0.0,0.0,0.06819,0.038462,0.1282,1
84,0.036585,0.166667,0.0,0.010811,0.020979,0.001036,0.01087,0.0,0.038961,1.0,0.003,0.0,0.0,0.0,1.0,0.0,0.0,0.0,0.038462,0.153846,1
85,0.060976,0.5,0.0,0.021622,0.118881,0.002761,0.0,0.125,0.064935,0.125,0.098,1.0,0.0,0.902439,0.45,0.0,0.0,0.242843,0.153846,0.276923,1
86,0.158537,0.166667,0.04,0.037838,0.167832,0.022782,0.01087,0.15625,0.142857,0.385417,0.113,1.0,0.285714,0.0,0.3,0.0,0.0,0.097462,0.115385,0.177508,0
87,0.060976,0.5,0.0,0.081081,0.188811,0.0,0.01087,0.46875,0.025974,0.291667,0.105,1.0,0.142857,0.8,0.5,0.333333,0.125,0.256041,0.115385,0.153846,1
88,0.085366,0.333333,0.0,0.005405,0.118881,0.0,0.005435,0.0,0.090909,0.125,0.083,1.0,0.0,0.692308,0.714286,0.0,0.0,0.139521,0.038462,0.087908,1
89,0.414634,0.333333,0.0,0.097297,0.503497,0.163963,0.032609,0.53125,0.363636,0.424243,0.6,1.0,0.0,0.304348,0.123377,0.333333,0.125,0.216214,0.076923,0.176477,1
90,0.060976,0.166667,0.0,0.032432,0.188811,0.0,0.01087,0.15625,0.051948,0.25,0.153,1.0,0.142857,0.0,0.44,0.0,0.0,0.385381,0.192308,0.276923,1
91,0.134146,0.166667,0.0,0.075676,0.356643,0.007939,0.005435,0.40625,0.090909,0.375,0.413,1.0,0.142857,0.0,0.42,0.0,0.0,0.475127,0.576923,0.461538,1
92,0.012195,0.166667,0.0,0.021622,0.006993,0.0,0.021739,0.0,0.012987,1.0,0.001,0.0,0.0,0.0,1.0,0.0,0.0,0.0,0.038462,0.153846,1
93,0.02439,0.166667,0.0,0.037838,0.076923,0.0,0.005435,0.1875,0.025974,0.0,0.06,1.0,0.142857,0.0,0.6,0.0,0.0,0.369543,0.038462,0.076923,1
94,0.04878,0.5,0.0,0.064865,0.111888,0.0,0.01087,0.375,0.012987,0.277778,0.059,1.0,0.142857,0.833333,0.4,0.333333,0.125,0.171574,0.038462,0.115385,1
95,0.097561,0.333333,0.0,0.064865,0.104895,0.006213,0.01087,0.375,0.077922,0.357143,0.056,1.0,0.285714,0.666667,0.291667,0.333333,0.125,0.075888,0.038462,0.134615,1
96,0.060976,0.166667,0.0,0.005405,0.111888,0.001381,0.0,0.03125,0.064935,0.0,0.062,1.0,0.0,0.0,0.6,0.0,0.0,0.147817,0.076923,0.153846,1
97,0.04878,0.166667,0.0,0.027027,0.104895,0.0,0.005435,0.15625,0.051948,0.277778,0.068,1.0,0.285714,0.0,0.5,0.0,0.0,0.201269,0.038462,0.115385,1
98,0.170732,0.166667,0.0,0.032432,0.125874,0.021056,0.01087,0.15625,0.181818,0.415385,0.081,1.0,0.714286,0.0,0.297619,0.0,0.0,0.058448,0.038462,0.142862,1
99,0.341463,0.166667,0.44,0.124324,0.34965,0.119434,0.086957,0.21875,0.285714,0.444445,0.258,1.0,0.714286,0.0,0.155556,0.0,0.0,0.104641,0.115385,0.192308,0
100,0.036585,0.166667,0.0,0.021622,0.062937,0.000345,0.005435,0.09375,0.038961,0.0,0.047,1.0,0.0,0.0,0.5,0.0,0.0,0.189171,0.076923,0.153846,1
101,0.04878,0.666667,0.48,0.178378,0.055944,0.002071,0.179348,0.0,0.051948,0.666667,0.021,1.0,0.0,1.0,0.666667,0.0,0.0,0.052792,0.0,0.0,1
102,0.182927,0.5,0.08,0.043243,0.20979,0.02727,0.01087,0.1875,0.142857,0.408164,0.146,1.0,0.0,0.555556,0.205357,0.333333,0.125,0.109103,0.038462,0.123077,1
103,0.073171,0.333333,0.0,0.027027,0.118881,0.0,0.005435,0.125,0.051948,0.0,0.08,1.0,0.0,0.583333,0.444444,0.333333,0.125,0.160575,0.115385,0.179492,1
104,0.012195,0.666667,0.08,0.016216,0.013986,0.0,0.016304,0.0,0.012987,1.0,0.007,1.0,0.0,1.0,1.0,0.0,0.0,0.06599,0.0,0.0,1
105,0.012195,0.166667,0.0,0.016216,0.006993,0.0,0.01087,0.03125,0.012987,1.0,0.001,0.0,0.0,0.0,1.0,0.0,0.0,0.0,0.038462,0.153846,1
106,0.012195,0.333333,0.0,0.032432,0.027972,0.0,0.016304,0.125,0.012987,1.0,0.011,0.0,0.0,1.0,1.0,0.0,0.0,0.13198,0.0,0.0,1
107,0.231707,0.333333,0.0,0.054054,0.160839,0.056955,0.032609,0.1875,0.194805,0.416667,0.105,1.0,0.142857,0.604651,0.273684,0.333333,0.375,0.059044,0.038462,0.137646,1
108,0.012195,0.166667,0.0,0.091892,0.006993,0.0,0.092391,0.0,0.012987,1.0,0.001,0.0,0.0,0.0,1.0,0.0,0.0,0.0,0.038462,0.153846,1
109,0.304878,0.166667,0.0,0.059459,0.440559,0.079392,0.0,0.34375,0.285714,0.325,0.316,1.0,0.285714,0.0,0.13,0.0,0.0,0.150985,0.115385,0.16,0
110,0.060976,0.333333,0.0,0.027027,0.090909,0.0,0.0,0.15625,0.051948,0.0,0.063,1.0,0.142857,0.636364,0.45,0.333333,0.125,0.150457,0.038462,0.123077,1
111,0.02439,0.166667,0.0,0.005405,0.048951,0.000345,0.005435,0.0,0.025974,1.0,0.037,0.0,0.0,0.0,0.5,0.0,0.0,0.230964,0.115385,0.230769,1
112,0.012195,0.166667,0.0,0.0,0.006993,0.0,0.0,0.0,0.012987,1.0,0.001,0.0,0.0,0.0,1.0,0.0,0.0,0.0,0.038462,0.153846,1
113,0.060976,0.333333,0.0,0.027027,0.132867,0.0,0.005435,0.15625,0.038961,0.291667,0.078,1.0,0.285714,0.636364,0.466667,0.333333,0.125,0.184772,0.076923,0.153846,1
114,0.012195,0.166667,0.0,0.064865,0.006993,0.0,0.059783,0.03125,0.012987,1.0,0.001,0.0,0.0,0.0,1.0,0.0,0.0,0.0,0.038462,0.153846,1
115,0.036585,0.166667,0.0,0.037838,0.104895,0.000345,0.005435,0.1875,0.025974,0.25,0.062,1.0,0.142857,0.0,0.666667,0.0,0.0,0.255161,0.115385,0.153846,1
116,0.085366,0.166667,0.0,0.075676,0.097902,0.006559,0.032609,0.25,0.077922,0.483334,0.063,0.4,0.285714,0.0,0.3,0.0,0.0,0.096157,0.076923,0.175831,1
117,0.121951,0.166667,0.0,0.021622,0.223776,0.014153,0.01087,0.0625,0.103896,0.277778,0.217,1.0,0.0,0.0,0.55,0.0,0.0,0.270558,0.038462,0.123077,1
118,0.012195,0.166667,0.0,0.681081,0.006993,0.0,0.679348,0.03125,0.012987,1.0,0.001,0.0,0.0,0.0,1.0,0.0,0.0,0.0,0.038462,0.153846,0
119,0.207317,0.333333,0.0,0.048649,0.391608,0.028996,0.021739,0.25,0.142857,0.369792,0.304,1.0,0.0,0.318182,0.25,0.333333,0.125,0.218155,0.153846,0.2172,1
120,0.231707,0.333333,0.0,0.043243,0.174825,0.056265,0.027174,0.15625,0.194805,0.458334,0.124,1.0,0.142857,0.604651,0.273684,0.333333,0.25,0.071547,0.038462,0.137646,1
121,0.036585,0.166667,0.0,0.027027,0.083916,0.0,0.005435,0.125,0.038961,0.125,0.054,1.0,0.142857,0.0,0.466667,0.0,0.0,0.215567,0.076923,0.153846,1
122,0.036585,0.166667,0.0,0.005405,0.034965,0.001036,0.0,0.03125,0.038961,1.0,0.013,0.0,0.0,0.0,0.555556,0.0,0.0,0.043993,0.038462,0.102569,1
123,0.012195,0.166667,0.0,0.032432,0.006993,0.0,0.021739,0.0625,0.012987,1.0,0.001,0.0,0.0,0.0,1.0,0.0,0.0,0.0,0.038462,0.153846,1
124,0.073171,0.5,0.04,0.032432,0.06993,0.001036,0.01087,0.15625,0.064935,0.2,0.033,1.0,0.142857,0.761905,0.366667,0.333333,0.125,0.057191,0.038462,0.1282,1
125,0.02439,0.333333,0.0,0.021622,0.083916,0.000345,0.01087,0.0625,0.025974,1.0,0.031,0.0,0.0,0.964286,0.75,0.0,0.0,0.191371,0.038462,0.076923,1
126,0.02439,0.5,0.0,0.016216,0.027972,0.0,0.005435,0.09375,0.025974,0.0,0.016,1.0,0.0,0.985915,0.666667,0.333333,0.125,0.085787,0.038462,0.076923,1
127,0.134146,0.333333,0.64,0.140541,0.153846,0.012772,0.097826,0.28125,0.090909,0.366667,0.115,1.0,0.142857,0.4375,0.309091,0.333333,0.125,0.121181,0.076923,0.139862,1
128,0.121951,0.166667,0.08,0.048649,0.125874,0.003107,0.021739,0.21875,0.12987,0.333334,0.086,1.0,0.428571,0.0,0.285714,0.0,0.0,0.096345,0.115385,0.184615,1
129,0.121951,0.666667,0.0,0.048649,0.286713,0.005868,0.005435,0.28125,0.038961,0.333334,0.218,1.0,0.142857,0.771429,0.296296,0.666667,0.5,0.270558,0.115385,0.169231,1
130,0.085366,0.166667,0.0,0.037838,0.188811,0.003107,0.0,0.21875,0.051948,0.375,0.11,1.0,0.0,0.0,0.4,0.0,0.0,0.190428,0.076923,0.131862,1
131,0.012195,0.166667,0.0,0.021622,0.006993,0.0,0.016304,0.03125,0.012987,1.0,0.001,0.0,0.0,0.0,1.0,0.0,0.0,0.0,0.038462,0.153846,1
132,0.073171,0.5,0.0,0.032432,0.118881,0.003107,0.005435,0.1875,0.038961,0.3,0.088,1.0,0.0,0.8,0.366667,0.333333,0.125,0.178173,0.115385,0.179492,1
133,0.036585,0.5,0.0,0.021622,0.041958,0.001036,0.005435,0.125,0.025974,1.0,0.016,0.0,0.0,0.941176,0.5,0.333333,0.125,0.057191,0.038462,0.051277,1
134,0.182927,0.166667,0.0,0.021622,0.412587,0.036244,0.021739,0.03125,0.168831,1.0,0.518,0.0,0.0,0.0,0.28,0.0,0.0,0.442572,0.192308,0.235892,1
135,0.073171,0.5,0.04,0.032432,0.06993,0.0,0.01087,0.15625,0.077922,0.0,0.046,1.0,0.142857,0.933333,0.555556,0.333333,0.125,0.085787,0.038462,0.1282,1
136,0.073171,0.166667,0.0,0.048649,0.188811,0.005178,0.038043,0.09375,0.038961,1.0,0.091,0.0,0.0,0.0,0.444444,0.0,0.0,0.186971,0.076923,0.179492,1
137,0.060976,0.333333,0.0,0.048649,0.146853,0.0,0.005435,0.25,0.038961,0.125,0.084,1.0,0.285714,0.636364,0.4,0.333333,0.125,0.203249,0.038462,0.123077,1
138,0.036585,0.833333,0.0,0.010811,0.041958,0.001036,0.005435,0.03125,0.038961,0.75,0.017,1.0,0.0,1.0,0.777778,0.0,0.0,0.057191,0.0,0.0,1
139,0.085366,0.166667,0.0,0.027027,0.076923,0.002416,0.01087,0.125,0.064935,0.361111,0.054,1.0,0.142857,0.0,0.285714,0.0,0.0,0.082959,0.038462,0.131862,1
140,0.073171,0.166667,0.0,0.0,0.090909,0.005178,0.0,0.0,0.077922,1.0,0.053,0.0,0.0,0.0,0.25,0.0,0.0,0.103384,0.076923,0.179492,1
141,0.036585,0.833333,0.0,0.021622,0.06993,0.0,0.005435,0.09375,0.038961,0.25,0.034,1.0,0.142857,0.894737,0.555556,0.0,0.0,0.12758,0.038462,0.102569,1
142,0.109756,0.166667,0.08,0.048649,0.167832,0.010356,0.021739,0.21875,0.090909,0.3125,0.097,1.0,0.0,0.0,0.269841,0.0,0.0,0.12758,0.076923,0.153846,1
143,0.04878,0.5,0.0,0.048649,0.055944,0.00069,0.01087,0.28125,0.025974,0.388889,0.033,1.0,0.142857,0.857143,0.4,0.0,0.0,0.085787,0.038462,0.076923,1
144,0.158537,0.5,0.0,0.027027,0.188811,0.012427,0.005435,0.15625,0.142857,0.25,0.129,1.0,0.0,0.65625,0.326923,0.666667,0.875,0.116751,0.115385,0.201185,1
145,0.097561,0.333333,0.0,0.027027,0.132867,0.007594,0.005435,0.125,0.077922,0.285715,0.07,1.0,0.0,0.91954,0.416667,0.333333,0.125,0.100635,0.076923,0.153846,1
146,0.02439,0.166667,0.0,0.027027,0.013986,0.000345,0.021739,0.03125,0.025974,1.0,0.002,0.0,0.0,0.0,0.75,0.0,0.0,0.0,0.038462,0.153846,1
147,0.390244,0.166667,0.0,0.054054,0.454545,0.133241,0.005435,0.28125,0.376623,0.410395,0.382,1.0,0.285714,0.0,0.165625,0.0,0.0,0.140641,0.153846,0.182692,1
148,0.085366,0.166667,0.0,0.059459,0.265734,0.007249,0.021739,0.28125,0.038961,1.0,0.167,0.0,0.0,0.0,0.3,0.0,0.0,0.301668,0.115385,0.219785,1
149,0.47561,0.166667,0.0,0.027027,0.678322,0.25164,0.01087,0.09375,0.493506,0.45,0.611,0.6,0.0,0.0,0.121053,0.0,0.0,0.191878,0.076923,0.153846,1
150,0.02439,0.833333,0.0,0.016216,0.041958,0.0,0.01087,0.03125,0.025974,0.5,0.021,1.0,0.0,0.944444,0.75,0.0,0.0,0.112183,0.038462,0.076923,1
151,0.04878,0.5,0.0,0.005405,0.034965,0.001381,0.0,0.03125,0.038961,0.333334,0.016,1.0,0.142857,0.948718,0.666667,0.333333,0.125,0.036294,0.038462,0.076923,1
152,0.04878,0.166667,0.0,0.043243,0.125874,0.002071,0.027174,0.125,0.038961,1.0,0.062,0.0,0.0,0.0,0.458333,0.0,0.0,0.191371,0.115385,0.192308,1
153,0.060976,0.0,0.0,0.064865,0.125874,0.0,0.01087,0.3125,0.025974,0.275,0.087,1.0,0.428571,0.0,0.5,0.0,0.0,0.203249,0.038462,0.061538,1
154,0.02439,0.166667,0.0,0.016216,0.020979,0.000345,0.005435,0.0625,0.025974,1.0,0.007,0.0,0.0,0.0,0.666667,0.0,0.0,0.032995,0.038462,0.076923,1
155,0.097561,0.166667,0.0,0.021622,0.111888,0.009665,0.0,0.125,0.103896,1.0,0.04,0.0,0.0,0.0,0.166667,0.0,0.0,0.052792,0.038462,0.134615,1
156,0.073171,0.5,0.0,0.032432,0.111888,0.0,0.01087,0.1875,0.077922,0.3,0.086,1.0,0.285714,0.933333,0.444444,0.333333,0.125,0.169374,0.038462,0.1282,1
157,0.109756,0.166667,0.0,0.005405,0.181818,0.012427,0.005435,0.0,0.116883,1.0,0.081,0.0,0.0,0.0,0.111111,0.0,0.0,0.105584,0.038462,0.136754,0
158,0.231707,0.166667,0.0,0.145946,0.384615,0.041767,0.021739,0.84375,0.103896,0.381945,0.299,1.0,0.285714,0.0,0.191919,0.0,0.0,0.191718,0.192308,0.234815,1
159,0.02439,0.166667,0.0,0.048649,0.013986,0.000345,0.048913,0.0,0.025974,1.0,0.002,0.0,0.0,0.0,1.0,0.0,0.0,0.0,0.038462,0.153846,1
160,0.060976,0.333333,0.0,0.043243,0.090909,0.0,0.016304,0.15625,0.051948,0.0,0.064,1.0,0.142857,0.636364,0.45,0.333333,0.125,0.153096,0.038462,0.123077,1
161,0.146341,0.5,0.0,0.086486,0.195804,0.01795,0.032609,0.46875,0.155844,0.340909,0.136,1.0,0.285714,0.62069,0.194444,0.333333,0.125,0.134179,0.076923,0.153846,1
162,0.158537,0.333333,0.0,0.054054,0.237762,0.008975,0.005435,0.28125,0.116883,0.277778,0.209,1.0,0.285714,0.388889,0.307692,0.333333,0.125,0.195939,0.307692,0.213015,1
163,0.085366,0.166667,0.0,0.048649,0.244755,0.007249,0.032609,0.125,0.051948,1.0,0.161,0.0,0.0,0.0,0.31746,0.0,0.0,0.290355,0.230769,0.241754,1
164,0.170732,0.5,0.0,0.043243,0.160839,0.012081,0.016304,0.21875,0.168831,0.076923,0.098,1.0,0.0,0.636364,0.339286,0.666667,1.0,0.078245,0.076923,0.142862,1
165,0.073171,0.333333,0.0,0.064865,0.146853,0.001726,0.01087,0.3125,0.038961,0.3,0.07,1.0,0.285714,0.583333,0.416667,0.333333,0.125,0.136379,0.038462,0.1282,1
166,0.158537,0.0,0.0,0.086486,0.202797,0.01795,0.021739,0.40625,0.051948,0.427084,0.12,1.0,0.142857,0.0,0.202381,0.0,0.0,0.104569,0.076923,0.153846,1
167,0.085366,0.166667,0.0,0.064865,0.433566,0.001726,0.005435,0.34375,0.025974,0.375,0.359,0.75,0.142857,0.0,0.361111,0.0,0.0,0.656128,0.5,0.3956,1
168,0.060976,0.666667,0.12,0.027027,0.062937,0.002761,0.021739,0.03125,0.012987,0.375,0.044,1.0,0.0,0.85,0.4,1.0,0.375,0.100305,0.153846,0.215385,1
169,0.134146,0.166667,0.0,0.07027,0.167832,0.013462,0.027174,0.375,0.142857,0.4,0.101,1.0,0.571429,0.0,0.272727,0.0,0.0,0.103184,0.038462,0.139862,1
170,0.0,0.166667,0.0,0.0,0.0,0.0,0.0,0.0,0.0,1.0,0.003,0.0,0.0,0.0,0.0,0.0,0.0,0.0,0.0,0.0,1
171,0.0,0.166667,0.0,0.016216,0.0,0.0,0.01087,0.03125,0.0,1.0,0.0,0.0,0.0,0.0,0.0,0.0,0.0,0.0,0.0,0.0,1
172,0.109756,0.166667,0.28,0.059459,0.118881,0.008284,0.038043,0.125,0.064935,0.1875,0.118,1.0,0.285714,0.0,0.444444,0.0,0.0,0.156909,0.076923,0.153846,1
173,0.109756,0.5,0.0,0.043243,0.13986,0.008284,0.01087,0.1875,0.103896,0.25,0.095,1.0,0.0,0.666667,0.291667,0.333333,0.125,0.124647,0.038462,0.136754,1
174,0.109756,0.666667,0.0,0.021622,0.097902,0.012427,0.0,0.125,0.103896,1.0,0.05,0.0,0.0,0.911765,0.305556,0.333333,0.25,0.060124,0.038462,0.102569,1
175,0.036585,0.166667,0.0,0.016216,0.055944,0.0,0.005435,0.0625,0.038961,0.25,0.029,0.0,0.0,0.0,0.666667,0.0,0.0,0.105584,0.038462,0.102569,1
176,0.036585,0.333333,0.0,0.016216,0.06993,0.001036,0.0,0.09375,0.025974,1.0,0.032,0.0,0.0,0.6,0.666667,0.0,0.0,0.12758,0.038462,0.102569,1
177,0.036585,0.333333,0.0,0.027027,0.125874,0.001036,0.01087,0.09375,0.038961,1.0,0.065,0.0,0.0,0.875,0.416667,0.0,0.0,0.272758,0.153846,0.256415,1
178,0.02439,0.166667,0.0,0.097297,0.013986,0.000345,0.097826,0.0,0.025974,1.0,0.002,0.0,0.0,0.0,0.833333,0.0,0.0,0.0,0.038462,0.153846,1
179,0.134146,0.166667,0.0,0.037838,0.384615,0.012081,0.01087,0.15625,0.090909,0.283334,0.38,1.0,0.0,0.0,0.357143,0.0,0.0,0.439132,0.192308,0.307692,1
180,0.02439,0.166667,0.0,0.010811,0.020979,0.000345,0.0,0.0625,0.025974,1.0,0.007,0.0,0.0,0.0,0.75,0.0,0.0,0.032995,0.038462,0.076923,1
181,0.085366,0.166667,0.0,0.097297,0.132867,0.005178,0.081522,0.09375,0.077922,0.333334,0.159,1.0,0.0,0.0,0.25,0.0,0.0,0.284699,0.038462,0.109892,1
182,0.036585,0.5,0.0,0.027027,0.06993,0.0,0.005435,0.15625,0.012987,0.0,0.03,1.0,0.142857,0.882353,0.555556,0.333333,0.125,0.114382,0.038462,0.102569,1
183,0.182927,0.166667,0.68,0.156757,0.237762,0.02727,0.108696,0.28125,0.168831,0.419643,0.188,1.0,0.285714,0.0,0.219048,0.333333,0.125,0.148697,0.192308,0.256415,1
184,0.134146,0.333333,0.0,0.091892,0.118881,0.016224,0.021739,0.5,0.142857,0.45,0.078,1.0,0.0,0.583333,0.181818,0.333333,0.125,0.075588,0.038462,0.139862,1
185,0.036585,0.166667,0.0,0.183784,0.020979,0.001036,0.179348,0.0625,0.038961,1.0,0.003,0.0,0.0,0.0,0.555556,0.0,0.0,0.0,0.038462,0.153846,1
186,0.060976,0.5,0.0,0.021622,0.06993,0.003452,0.005435,0.125,0.038961,1.0,0.031,0.0,0.0,0.789474,0.466667,0.333333,0.125,0.068629,0.038462,0.123077,1
187,0.097561,0.333333,0.0,0.075676,0.118881,0.0,0.043478,0.21875,0.077922,0.285715,0.069,1.0,0.142857,0.5,0.3,0.333333,0.125,0.097335,0.076923,0.153846,1
188,0.329268,0.166667,0.12,0.086486,0.328671,0.111495,0.016304,0.40625,0.311688,0.423077,0.224,1.0,0.285714,0.0,0.141975,0.0,0.0,0.09483,0.076923,0.165246,1
189,0.182927,0.333333,0.0,0.064865,0.230769,0.029341,0.016304,0.375,0.181818,0.419643,0.139,1.0,0.0,0.5,0.183333,0.333333,0.125,0.105584,0.115385,0.174354,1
190,0.060976,0.5,0.0,0.091892,0.188811,0.0,0.01087,0.53125,0.038961,0.2,0.133,1.0,0.285714,0.75,0.36,0.333333,0.125,0.32467,0.076923,0.153846,1
191,0.036585,0.333333,0.12,0.032432,0.083916,0.001036,0.016304,0.09375,0.025974,1.0,0.047,0.0,0.0,0.6,0.666667,0.0,0.0,0.19357,0.038462,0.102569,1
192,0.073171,0.5,0.0,0.054054,0.300699,0.001036,0.016304,0.3125,0.038961,0.3,0.204,1.0,0.142857,0.75,0.305556,0.333333,0.125,0.431134,0.230769,0.256415,1
193,0.04878,0.333333,0.0,0.027027,0.048951,0.001381,0.021739,0.03125,0.025974,0.444445,0.045,0.333333,0.428571,0.857143,0.444444,0.333333,0.125,0.125381,0.038462,0.076923,1
194,0.121951,0.166667,0.04,0.054054,0.13986,0.007939,0.016304,0.28125,0.038961,0.388889,0.107,1.0,0.142857,0.0,0.351852,0.0,0.0,0.122741,0.038462,0.107692,1
195,0.060976,0.5,0.0,0.07027,0.13986,0.002761,0.005435,0.375,0.025974,0.25,0.066,1.0,0.0,0.913043,0.472222,0.0,0.0,0.158376,0.038462,0.061538,1
196,0.04878,0.333333,0.0,0.07027,0.062937,0.002071,0.043478,0.15625,0.051948,1.0,0.025,0.0,0.0,0.896552,0.5,0.333333,0.125,0.069289,0.038462,0.115385,1
197,0.036585,0.166667,0.0,0.021622,0.041958,0.000345,0.005435,0.09375,0.038961,0.0,0.031,1.0,0.142857,0.0,0.5,0.0,0.0,0.118782,0.038462,0.102569,1
198,0.170732,0.666667,0.0,0.043243,0.272727,0.017604,0.005435,0.25,0.090909,0.365385,0.24,1.0,0.142857,0.692308,0.307692,0.333333,0.125,0.207397,0.230769,0.263738,0
199,0.243902,0.333333,0.0,0.064865,0.293706,0.051087,0.01087,0.375,0.233766,0.460527,0.214,1.0,0.0,0.4375,0.190789,0.333333,0.125,0.121421,0.038462,0.138462,1
200,0.097561,0.166667,1.0,0.140541,0.090909,0.002761,0.13587,0.03125,0.077922,0.333334,0.094,1.0,0.0,0.0,1.0,0.0,0.0,0.136929,0.038462,0.134615,0
201,0.02439,0.833333,0.0,0.005405,0.048951,0.0,0.005435,0.0,0.025974,0.333334,0.049,1.0,0.0,0.944444,0.75,0.333333,0.125,0.290355,0.076923,0.153846,1
202,0.036585,0.166667,0.0,0.016216,0.048951,0.0,0.005435,0.0625,0.038961,0.0,0.021,1.0,0.0,0.0,0.666667,0.0,0.0,0.074788,0.038462,0.102569,1
203,0.073171,0.333333,0.0,0.005405,0.097902,0.0,0.005435,0.0,0.077922,0.0,0.052,1.0,0.0,0.692308,0.5,0.0,0.0,0.098985,0.038462,0.102569,1
204,0.170732,0.333333,0.16,0.081081,0.237762,0.025198,0.059783,0.21875,0.116883,0.320513,0.159,1.0,0.0,0.675676,0.1875,0.333333,0.375,0.133865,0.115385,0.164831,1
205,0.036585,0.833333,0.0,0.005405,0.062937,0.0,0.0,0.03125,0.038961,0.25,0.033,1.0,0.0,0.894737,0.555556,0.0,0.0,0.123181,0.038462,0.102569,1
206,0.02439,1.0,0.0,0.027027,0.06993,0.0,0.005435,0.125,0.012987,0.0,0.042,1.0,0.0,0.954545,0.6,0.333333,0.125,0.25736,0.115385,0.230769,1
207,0.012195,0.833333,0.0,0.005405,0.013986,0.0,0.0,0.03125,0.012987,1.0,0.006,1.0,0.0,1.0,1.0,0.0,0.0,0.052792,0.0,0.0,1
208,0.085366,0.333333,0.0,0.064865,0.195804,0.004487,0.01087,0.3125,0.051948,0.291667,0.112,1.0,0.0,0.583333,0.458333,0.333333,0.125,0.194199,0.076923,0.153846,1
209,0.02439,0.666667,0.0,0.016216,0.027972,0.000345,0.01087,0.03125,0.025974,1.0,0.012,1.0,0.0,1.0,0.833333,0.0,0.0,0.059391,0.0,0.0,1
210,0.097561,0.5,0.0,0.064865,0.20979,0.0,0.005435,0.375,0.064935,0.321429,0.114,1.0,0.142857,0.666667,0.314286,0.333333,0.125,0.168274,0.076923,0.134615,1
211,0.341463,0.166667,0.0,0.081081,0.335664,0.113911,0.01087,0.4375,0.363636,0.385803,0.235,1.0,0.714286,0.0,0.117347,0.0,0.0,0.094743,0.076923,0.153846,1
212,0.02439,0.166667,0.0,0.037838,0.013986,0.000345,0.032609,0.03125,0.025974,1.0,0.002,0.0,0.0,0.0,0.75,0.0,0.0,0.0,0.038462,0.153846,1
213,0.036585,0.166667,0.0,0.005405,0.286713,0.001036,0.0,0.03125,0.025974,1.0,0.221,0.0,0.0,0.0,0.333333,0.0,0.0,0.959052,0.038462,0.102569,1
214,0.036585,0.166667,0.0,0.189189,0.020979,0.001036,0.173913,0.125,0.038961,1.0,0.003,0.0,0.0,0.0,0.666667,0.0,0.0,0.0,0.038462,0.153846,1
215,0.036585,0.166667,0.0,0.016216,0.062937,0.0,0.005435,0.0625,0.038961,0.0,0.031,1.0,0.0,0.0,0.5,0.0,0.0,0.118782,0.038462,0.102569,1
216,0.097561,0.166667,0.0,0.005405,0.251748,0.0,0.005435,0.0,0.103896,0.071429,0.19,1.0,0.0,0.0,0.333333,0.0,0.0,0.296954,0.153846,0.288462,1
217,0.073171,0.5,0.0,0.043243,0.258741,0.001036,0.005435,0.25,0.051948,0.333334,0.151,1.0,0.142857,0.75,0.305556,0.333333,0.125,0.312352,0.038462,0.1282,1
218,0.073171,0.166667,0.0,0.032432,0.06993,0.002416,0.005435,0.1875,0.064935,0.3,0.045,1.0,0.0,0.0,0.533333,0.0,0.0,0.081387,0.076923,0.102569,1
219,0.109756,0.333333,0.0,0.075676,0.111888,0.009665,0.016304,0.4375,0.090909,0.34375,0.066,1.0,0.285714,0.636364,0.266667,0.333333,0.125,0.080654,0.038462,0.136754,1
220,0.158537,0.333333,0.0,0.086486,0.188811,0.011736,0.048913,0.34375,0.12987,0.434524,0.126,1.0,0.428571,0.388889,0.185185,0.333333,0.125,0.107614,0.076923,0.153846,1
221,0.04878,0.166667,0.0,0.005405,0.027972,0.002071,0.005435,0.0,0.051948,1.0,0.004,0.0,0.0,0.0,1.0,0.0,0.0,0.0,0.038462,0.153846,1
222,0.036585,0.166667,0.0,0.016216,0.027972,0.001036,0.005435,0.0625,0.038961,1.0,0.01,0.0,0.0,0.0,0.666667,0.0,0.0,0.030795,0.038462,0.102569,1
223,0.060976,0.5,0.0,0.064865,0.195804,0.0,0.005435,0.375,0.038961,0.125,0.103,1.0,0.142857,0.75,0.4,0.333333,0.125,0.253401,0.038462,0.123077,1
224,0.109756,0.5,0.0,0.027027,0.13986,0.007594,0.0,0.15625,0.116883,0.395834,0.091,1.0,0.285714,0.384615,0.407407,0.0,0.0,0.115849,0.192308,0.205123,1
225,0.060976,0.5,0.0,0.048649,0.062937,0.0,0.005435,0.25,0.051948,0.125,0.042,1.0,0.0,0.842105,0.45,0.333333,0.125,0.095025,0.038462,0.092308,1
226,0.036585,0.5,0.0,0.054054,0.174825,0.0,0.005435,0.3125,0.025974,0.0,0.134,1.0,0.0,0.913043,0.5,0.333333,0.125,0.571912,0.076923,0.153846,1
227,0.060976,0.166667,0.0,0.010811,0.06993,0.002761,0.0,0.0625,0.064935,0.25,0.057,1.0,0.0,0.0,0.3,0.0,0.0,0.134619,0.076923,0.153846,1
228,0.04878,0.833333,0.0,0.005405,0.090909,0.0,0.0,0.03125,0.038961,0.416667,0.047,1.0,0.0,0.894737,0.5,0.0,0.0,0.135279,0.076923,0.115385,1
229,0.182927,0.166667,0.0,1.0,0.104895,0.036244,1.0,0.0625,0.194805,1.0,0.015,0.0,0.0,0.0,0.228571,0.0,0.0,0.0,0.038462,0.153846,1
230,0.097561,0.5,0.0,0.07027,0.223776,0.0,0.005435,0.40625,0.064935,0.321429,0.115,1.0,0.142857,0.666667,0.314286,0.333333,0.125,0.169924,0.076923,0.134615,1
231,0.182927,0.333333,0.0,0.108108,0.307692,0.025889,0.01087,0.59375,0.12987,0.392857,0.218,1.0,0.571429,0.35,0.214286,0.333333,0.125,0.172453,0.230769,0.184615,1
232,0.02439,0.166667,0.0,0.021622,0.027972,0.0,0.016304,0.03125,0.025974,0.375,0.025,0.0,0.142857,0.0,0.625,0.0,0.0,0.125381,0.038462,0.076923,1
233,0.195122,0.333333,0.0,0.064865,0.293706,0.017259,0.005435,0.34375,0.142857,0.390476,0.245,0.714286,0.571429,0.35,0.255556,0.333333,0.125,0.183122,0.153846,0.163462,1
234,0.073171,0.166667,0.0,0.043243,0.13986,0.005178,0.032609,0.125,0.064935,1.0,0.082,0.0,0.0,0.0,0.583333,0.0,0.0,0.167174,0.076923,0.230769,1
235,0.04878,0.166667,0.0,0.027027,0.097902,0.0,0.005435,0.15625,0.051948,0.277778,0.085,1.0,0.285714,0.0,0.5,0.0,0.0,0.25736,0.038462,0.115385,1
236,0.073171,0.5,0.0,0.048649,0.076923,0.001036,0.01087,0.28125,0.038961,0.333334,0.043,1.0,0.142857,0.75,0.28,0.0,0.0,0.074788,0.038462,0.102569,1
237,0.268293,0.5,0.0,0.081081,0.293706,0.072834,0.065217,0.1875,0.233766,0.448413,0.187,1.0,0.285714,0.3,0.227273,0.0,0.0,0.095385,0.076923,0.167831,1
238,0.280488,0.333333,0.0,0.081081,0.244755,0.081809,0.043478,0.28125,0.246753,0.397728,0.174,1.0,0.142857,0.565217,0.246377,0.333333,0.25,0.0855,0.038462,0.133785,1
239,0.085366,0.333333,0.0,0.032432,0.076923,0.0,0.005435,0.15625,0.077922,0.354167,0.051,1.0,0.0,0.166667,0.333333,0.0,0.0,0.075417,0.038462,0.109892,1
240,0.02439,0.166667,0.0,0.027027,0.041958,0.0,0.0,0.15625,0.025974,0.0,0.03,1.0,0.285714,0.0,0.625,0.0,0.0,0.171574,0.038462,0.076923,1
241,0.060976,0.333333,0.0,0.037838,0.062937,0.001381,0.021739,0.15625,0.064935,0.333334,0.042,1.0,0.142857,0.896552,0.45,0.0,0.0,0.089746,0.038462,0.092308,1
242,0.02439,0.666667,0.0,0.010811,0.048951,0.0,0.005435,0.0625,0.025974,0.0,0.02,1.0,0.142857,0.944444,0.75,0.0,0.0,0.112183,0.038462,0.076923,1
243,0.109756,0.333333,0.0,0.086486,0.160839,0.010356,0.027174,0.40625,0.116883,0.3125,0.089,1.0,0.0,0.636364,0.277778,0.333333,0.125,0.115849,0.038462,0.136754,1
244,0.073171,0.333333,0.64,0.108108,0.062937,0.001036,0.086957,0.125,0.051948,0.2,0.027,1.0,0.142857,0.583333,0.444444,0.333333,0.125,0.043993,0.038462,0.1282,1
245,0.109756,0.166667,0.0,0.535135,0.062937,0.012427,0.516304,0.1875,0.116883,1.0,0.009,0.0,0.0,0.0,0.444444,0.0,0.0,0.0,0.038462,0.153846,1
246,0.060976,0.5,0.0,0.054054,0.13986,0.0,0.01087,0.3125,0.012987,0.28125,0.074,1.0,0.142857,0.833333,0.375,0.333333,0.125,0.171574,0.038462,0.092308,1
247,0.073171,0.166667,0.0,0.005405,0.104895,0.004487,0.0,0.03125,0.064935,0.3,0.068,1.0,0.142857,0.0,0.444444,0.0,0.0,0.134179,0.076923,0.153846,1
248,0.426829,0.333333,0.0,0.124324,0.41958,0.180532,0.021739,0.71875,0.428571,0.460407,0.339,1.0,0.142857,0.297872,0.152941,0.333333,0.125,0.109732,0.076923,0.149446,1
249,0.146341,0.166667,0.0,0.054054,0.244755,0.002071,0.021739,0.1875,0.142857,0.204546,0.313,1.0,0.142857,0.0,0.305556,0.0,0.0,0.328849,0.307692,0.384615,1
250,0.060976,0.5,0.0,0.032432,0.153846,0.003452,0.005435,0.15625,0.038961,1.0,0.068,0.0,0.0,0.789474,0.5,0.0,0.0,0.166294,0.076923,0.153846,1
251,0.060976,0.5,0.0,0.027027,0.06993,0.002761,0.005435,0.15625,0.051948,0.25,0.036,1.0,0.0,0.842105,0.36,0.333333,0.125,0.079188,0.038462,0.092308,1
252,0.02439,0.666667,0.0,0.016216,0.041958,0.0,0.016304,0.0,0.025974,0.0,0.02,1.0,0.0,0.944444,0.75,0.0,0.0,0.112183,0.038462,0.076923,1
253,0.02439,0.5,0.0,0.021622,0.027972,0.0,0.005435,0.125,0.025974,0.0,0.016,1.0,0.142857,0.985915,0.666667,0.333333,0.125,0.085787,0.038462,0.076923,1
254,0.170732,0.5,0.0,0.048649,0.265734,0.020366,0.005435,0.28125,0.116883,0.346154,0.25,1.0,0.0,0.65625,0.24359,0.666667,0.5,0.220595,0.115385,0.208785,1
255,0.060976,0.333333,0.08,0.037838,0.055944,0.001381,0.016304,0.125,0.038961,0.125,0.037,1.0,0.0,0.777778,0.4,0.0,0.0,0.081827,0.076923,0.184615,1
256,0.109756,0.5,0.0,0.032432,0.125874,0.005523,0.005435,0.1875,0.090909,0.395834,0.077,0.333333,0.142857,0.727273,0.311111,0.333333,0.125,0.095319,0.038462,0.102569,1
257,0.182927,0.333333,0.0,0.075676,0.153846,0.030721,0.016304,0.4375,0.194805,0.410715,0.103,1.0,0.285714,0.5,0.191667,0.333333,0.25,0.073909,0.076923,0.153846,1
258,0.02439,0.833333,0.04,0.016216,0.06993,0.0,0.005435,0.0625,0.012987,0.0,0.044,1.0,0.0,0.952381,0.75,0.333333,0.125,0.263959,0.076923,0.153846,1
259,0.341463,0.166667,0.0,0.032432,0.342657,0.102865,0.021739,0.09375,0.363636,0.453704,0.271,1.0,0.0,0.0,0.1875,0.0,0.0,0.108883,0.346154,0.225277,1
260,0.02439,0.166667,0.0,0.032432,0.062937,0.0,0.005435,0.15625,0.025974,0.0,0.048,1.0,0.142857,0.0,0.6,0.0,0.0,0.283756,0.038462,0.076923,1
261,0.02439,0.5,0.0,0.032432,0.048951,0.0,0.005435,0.1875,0.025974,0.0,0.024,0.0,0.142857,0.9375,0.6,0.0,0.0,0.138579,0.038462,0.076923,1
262,0.182927,0.166667,0.0,0.054054,0.524476,0.036244,0.054348,0.0,0.116883,1.0,0.591,0.0,0.0,0.0,0.27619,0.0,0.0,0.506802,0.423077,0.533338,1
263,0.219512,0.166667,0.0,0.237838,0.447552,0.050742,0.217391,0.125,0.220779,0.411765,0.404,1.0,0.0,0.0,0.135294,0.333333,0.125,0.28229,0.230769,0.410262,1
264,0.085366,0.5,0.0,0.043243,0.097902,0.000345,0.021739,0.15625,0.064935,0.166667,0.045,1.0,0.142857,0.714286,0.428571,0.333333,0.125,0.069761,0.038462,0.131862,1
265,0.682927,0.166667,0.0,0.07027,0.615385,0.495685,0.0,0.40625,0.584416,0.337879,0.634,1.0,0.0,0.0,0.125758,0.0,0.0,0.134808,0.230769,0.170323,1
266,0.219512,0.333333,0.0,0.081081,0.363636,0.035554,0.01087,0.40625,0.142857,0.378677,0.287,1.0,0.571429,0.333333,0.170588,0.333333,0.125,0.191371,0.115385,0.153846,1
267,0.04878,0.5,0.0,0.07027,0.174825,0.001381,0.005435,0.40625,0.025974,0.333334,0.129,1.0,0.0,0.8,0.666667,0.0,0.0,0.409137,0.115385,0.230769,1
268,0.012195,0.166667,0.0,0.054054,0.006993,0.0,0.054348,0.0,0.012987,1.0,0.001,0.0,0.0,0.0,1.0,0.0,0.0,0.0,0.038462,0.153846,1
269,0.073171,0.333333,0.08,0.037838,0.097902,0.002416,0.01087,0.15625,0.064935,0.3,0.049,1.0,0.285714,0.583333,0.375,0.0,0.0,0.090186,0.076923,0.153846,1
270,0.231707,0.333333,0.0,0.07027,0.20979,0.050052,0.01087,0.40625,0.246753,0.456349,0.133,1.0,0.142857,0.4375,0.203008,0.333333,0.25,0.074325,0.038462,0.145754,1
271,0.02439,0.166667,0.0,0.032432,0.041958,0.0,0.0,0.1875,0.025974,0.0,0.038,1.0,0.428571,0.0,0.6,0.0,0.0,0.217766,0.038462,0.076923,1
272,0.109756,0.5,0.0,0.021622,0.083916,0.010356,0.005435,0.125,0.116883,0.125,0.05,1.0,0.0,0.75,0.555556,0.666667,0.625,0.058658,0.038462,0.119662,1
273,0.036585,0.166667,0.0,0.005405,0.034965,0.001036,0.0,0.03125,0.038961,1.0,0.014,0.0,0.0,0.0,0.583333,0.0,0.0,0.048393,0.038462,0.102569,1
274,0.243902,0.5,0.0,0.097297,0.370629,0.043493,0.021739,0.53125,0.181818,0.391448,0.299,1.0,0.285714,0.672727,0.16,0.333333,0.125,0.178832,0.076923,0.161538,1
275,0.012195,0.333333,0.0,0.021622,0.013986,0.0,0.01087,0.0625,0.012987,1.0,0.005,0.0,0.0,1.0,1.0,0.0,0.0,0.052792,0.0,0.0,1
276,0.036585,0.166667,0.0,0.043243,0.020979,0.001036,0.032609,0.0625,0.038961,1.0,0.003,0.0,0.0,0.0,0.666667,0.0,0.0,0.0,0.038462,0.153846,1
277,0.060976,0.166667,0.0,0.032432,0.104895,0.003452,0.032609,0.0,0.064935,1.0,0.082,0.0,0.0,0.0,0.5,0.0,0.0,0.203249,0.153846,0.430769,1
278,0.02439,0.166667,0.0,0.032432,0.055944,0.000345,0.0,0.1875,0.025974,1.0,0.023,0.0,0.0,0.0,0.75,0.0,0.0,0.138579,0.038462,0.076923,1
279,0.060976,0.5,0.0,0.075676,0.202797,0.0,0.005435,0.4375,0.025974,0.25,0.129,1.0,0.142857,0.833333,0.4375,0.333333,0.125,0.32203,0.192308,0.215385,1
280,0.121951,0.166667,0.0,0.048649,0.111888,0.00863,0.0,0.28125,0.12987,0.402778,0.071,1.0,0.285714,0.0,0.325,0.0,0.0,0.075228,0.038462,0.138462,1
281,0.085366,0.333333,0.0,0.064865,0.090909,0.005178,0.016304,0.375,0.077922,0.333334,0.043,1.0,0.0,0.7,0.285714,0.333333,0.125,0.06599,0.038462,0.131862,1
282,0.02439,0.166667,0.04,0.027027,0.041958,0.000345,0.016304,0.0625,0.025974,1.0,0.021,0.0,0.0,0.0,0.75,0.0,0.0,0.125381,0.038462,0.076923,1
283,0.04878,0.5,0.0,0.021622,0.062937,0.0,0.01087,0.125,0.012987,0.166667,0.03,1.0,0.0,0.842105,0.5,0.333333,0.125,0.082487,0.038462,0.115385,1
284,0.195122,0.166667,0.0,0.010811,0.272727,0.040732,0.0,0.0625,0.194805,0.4,0.172,1.0,0.0,0.0,0.125,0.0,0.0,0.127855,0.038462,0.134615,1
285,0.109756,0.333333,0.08,0.043243,0.118881,0.0,0.021739,0.125,0.077922,0.0625,0.068,1.0,0.142857,0.5,0.481481,0.333333,0.125,0.085054,0.038462,0.119662,1
286,0.073171,0.5,0.0,0.032432,0.132867,0.003107,0.01087,0.1875,0.051948,0.3,0.068,1.0,0.0,0.807692,0.375,0.666667,0.5,0.134179,0.076923,0.153846,1
287,0.121951,0.333333,0.0,0.059459,0.167832,0.000345,0.005435,0.3125,0.077922,0.319445,0.126,1.0,0.428571,0.466667,0.277778,0.333333,0.125,0.147817,0.076923,0.138462,1
288,0.036585,0.5,0.0,0.016216,0.041958,0.001036,0.005435,0.09375,0.025974,1.0,0.016,0.0,0.0,0.888889,0.555556,0.333333,0.125,0.057191,0.038462,0.102569,1
289,0.060976,0.166667,0.0,0.037838,0.076923,0.002761,0.005435,0.21875,0.064935,0.25,0.044,1.0,0.142857,0.0,0.466667,0.0,0.0,0.100305,0.038462,0.123077,1
290,0.02439,0.166667,0.0,0.010811,0.034965,0.000345,0.005435,0.03125,0.025974,1.0,0.016,0.0,0.0,0.0,0.666667,0.0,0.0,0.092386,0.115385,0.230769,1
291,0.109756,0.333333,0.04,0.037838,0.174825,0.002071,0.01087,0.15625,0.077922,0.125,0.13,1.0,0.0,0.466667,0.361111,0.333333,0.125,0.175973,0.076923,0.153846,1
292,0.060976,0.5,0.0,0.037838,0.111888,0.0,0.005435,0.21875,0.025974,0.125,0.056,1.0,0.0,0.789474,0.5,0.333333,0.125,0.13198,0.038462,0.123077,1
293,0.390244,0.333333,0.04,0.118919,0.531469,0.138074,0.01087,0.65625,0.324675,0.433692,0.718,1.0,0.571429,0.184211,0.122768,0.333333,0.125,0.27922,0.115385,0.216354,0
294,0.012195,0.166667,0.0,0.027027,0.006993,0.0,0.027174,0.0,0.012987,1.0,0.001,0.0,0.0,0.0,1.0,0.0,0.0,0.0,0.038462,0.153846,1
295,0.02439,0.5,0.0,0.021622,0.027972,0.000345,0.0,0.125,0.012987,1.0,0.011,0.0,0.0,0.941176,0.666667,0.333333,0.125,0.059391,0.038462,0.076923,1
296,0.207317,0.166667,0.0,0.048649,0.202797,0.035899,0.005435,0.28125,0.194805,0.38125,0.158,1.0,0.285714,0.0,0.215686,0.0,0.0,0.105584,0.076923,0.153846,1
297,0.170732,0.0,0.0,0.124324,0.293706,0.021056,0.027174,0.59375,0.064935,0.445055,0.182,0.571429,0.428571,0.0,0.201923,0.0,0.0,0.151777,0.076923,0.153846,1
298,0.231707,0.333333,0.0,0.048649,0.160839,0.056955,0.021739,0.21875,0.194805,0.416667,0.105,1.0,0.142857,0.604651,0.273684,0.333333,0.375,0.059044,0.038462,0.137646,1
299,0.073171,0.666667,0.0,0.064865,0.342657,0.0,0.005435,0.375,0.038961,0.2,0.216,0.0,0.0,0.807692,0.666667,0.333333,0.125,0.45753,0.038462,0.1282,1
300,0.04878,0.5,0.08,0.010811,0.055944,0.002071,0.01087,0.0,0.051948,1.0,0.02,0.0,0.0,1.0,0.666667,0.0,0.0,0.052792,0.0,0.0,1
301,0.02439,0.5,0.0,0.027027,0.034965,0.0,0.01087,0.09375,0.012987,0.0,0.03,1.0,0.0,0.833333,0.666667,0.333333,0.125,0.178173,0.076923,0.153846,1
302,0.085366,0.333333,0.0,0.032432,0.090909,0.005868,0.021739,0.0625,0.090909,0.375,0.046,1.0,0.142857,0.333333,0.428571,0.0,0.0,0.069761,0.038462,0.131862,1
303,0.036585,0.166667,0.0,0.027027,0.041958,0.001036,0.021739,0.0625,0.038961,1.0,0.013,0.0,0.0,0.0,0.555556,0.0,0.0,0.043993,0.038462,0.102569,1
304,0.073171,0.333333,0.0,0.043243,0.104895,0.0,0.01087,0.1875,0.051948,0.25,0.065,1.0,0.285714,0.583333,0.444444,0.333333,0.125,0.125381,0.038462,0.1282,1
305,0.182927,0.333333,0.0,0.075676,0.181818,0.029341,0.038043,0.34375,0.181818,0.428572,0.114,1.0,0.285714,0.5,0.191667,0.333333,0.125,0.084467,0.115385,0.174354,1
306,0.04878,0.333333,0.0,0.054054,0.048951,0.001381,0.048913,0.03125,0.025974,0.476191,0.089,0.142857,1.0,0.857143,0.444444,0.333333,0.125,0.25736,0.038462,0.076923,1
307,0.329268,0.333333,0.0,0.12973,0.496503,0.117018,0.016304,0.71875,0.298701,0.456044,0.311,0.857143,0.142857,0.358974,0.15035,0.333333,0.25,0.135401,0.076923,0.159538,1
308,0.04878,0.666667,0.0,0.005405,0.041958,0.0,0.005435,0.0,0.038961,0.333334,0.037,1.0,0.0,0.972222,0.45,0.0,0.0,0.102284,0.076923,0.115385,1
309,0.02439,0.166667,0.0,0.010811,0.013986,0.000345,0.01087,0.0,0.025974,1.0,0.002,0.0,0.0,0.0,1.0,0.0,0.0,0.0,0.038462,0.153846,1
310,0.182927,0.166667,0.0,0.091892,0.20979,0.036244,0.01087,0.46875,0.194805,1.0,0.123,0.0,0.0,0.0,0.2,0.0,0.0,0.095025,0.038462,0.143585,0
311,0.02439,0.166667,0.0,0.032432,0.013986,0.000345,0.021739,0.0625,0.025974,1.0,0.002,0.0,0.0,0.0,0.666667,0.0,0.0,0.0,0.038462,0.153846,1
312,0.073171,0.166667,0.0,0.021622,0.111888,0.002416,0.016304,0.0625,0.077922,0.35,0.073,1.0,0.0,0.0,0.333333,0.0,0.0,0.142978,0.115385,0.179492,1
313,0.036585,0.5,0.0,0.032432,0.06993,0.0,0.005435,0.1875,0.038961,0.125,0.043,1.0,0.142857,0.857143,0.555556,0.0,0.0,0.167174,0.038462,0.102569,1
314,0.573171,0.333333,0.32,0.183784,0.678322,0.360718,0.081522,1.0,0.532468,0.449276,0.535,0.833333,0.428571,0.357143,0.094681,0.0,0.0,0.135349,0.076923,0.150569,1
315,0.146341,0.333333,0.0,0.064865,0.244755,0.008975,0.016304,0.34375,0.051948,0.420455,0.19,1.0,0.142857,0.411765,0.194805,0.333333,0.125,0.186971,0.115385,0.166662,1
316,0.073171,0.166667,0.0,0.054054,0.132867,0.001726,0.005435,0.28125,0.064935,0.35,0.08,1.0,0.428571,0.0,0.4,0.0,0.0,0.153976,0.076923,0.153846,1
317,0.012195,0.166667,0.0,0.356757,0.006993,0.0,0.353261,0.03125,0.012987,1.0,0.001,0.0,0.0,0.0,1.0,0.0,0.0,0.0,0.038462,0.153846,1
318,0.04878,0.333333,0.0,0.021622,0.048951,0.001381,0.016304,0.03125,0.025974,0.458334,0.056,0.25,0.571429,0.857143,0.444444,0.333333,0.125,0.158376,0.038462,0.076923,1
319,0.012195,0.166667,0.0,0.005405,0.006993,0.0,0.0,0.03125,0.012987,1.0,0.001,0.0,0.0,0.0,1.0,0.0,0.0,0.0,0.038462,0.153846,1
320,0.317073,0.166667,0.0,0.010811,0.265734,0.08388,0.01087,0.0,0.324675,0.414286,0.248,1.0,0.0,0.0,0.24359,0.0,0.0,0.109137,0.230769,0.189354,1
321,0.085366,0.666667,0.0,0.037838,0.055944,0.003107,0.005435,0.21875,0.090909,0.0,0.049,1.0,0.142857,0.925926,0.357143,0.333333,0.125,0.077302,0.038462,0.131862,1
322,0.170732,0.166667,0.0,0.054054,0.293706,0.025198,0.0,0.3125,0.12987,0.230769,0.192,1.0,0.0,0.0,0.306122,0.0,0.0,0.165917,0.076923,0.164831,1
323,0.036585,0.166667,0.0,0.0,0.090909,0.001036,0.0,0.0,0.038961,1.0,0.057,0.0,0.0,0.0,0.444444,0.0,0.0,0.237563,0.038462,0.102569,1
324,0.02439,0.166667,0.0,0.027027,0.048951,0.000345,0.005435,0.125,0.025974,1.0,0.029,0.0,0.0,0.0,0.5,0.0,0.0,0.178173,0.038462,0.076923,1
325,0.036585,0.833333,0.04,0.021622,0.041958,0.001036,0.016304,0.03125,0.038961,0.75,0.017,1.0,0.0,1.0,0.777778,0.0,0.0,0.057191,0.0,0.0,1
326,0.219512,0.166667,0.0,0.140541,0.272727,0.052813,0.065217,0.59375,0.233766,1.0,0.126,0.0,0.0,0.0,0.185185,0.0,0.0,0.079188,0.038462,0.145292,1
