,LOC_BLANK,BRANCH_COUNT,CALL_PAIRS,LOC_CODE_AND_COMMENT,LOC_COMMENTS,CONDITION_COUNT,CYCLOMATIC_COMPLEXITY,CYCLOMATIC_DENSITY,DECISION_COUNT,DECISION_DENSITY,DESIGN_COMPLEXITY,DESIGN_DENSITY,EDGE_COUNT,ESSENTIAL_COMPLEXITY,ESSENTIAL_DENSITY,LOC_EXECUTABLE,PARAMETER_COUNT,HALSTEAD_CONTENT,HALSTEAD_DIFFICULTY,HALSTEAD_EFFORT,HALSTEAD_ERROR_EST,HALSTEAD_LENGTH,HALSTEAD_LEVEL,HALSTEAD_PROG_TIME,HALSTEAD_VOLUME,MAINTENANCE_SEVERITY,MODIFIED_CONDITION_COUNT,MULTIPLE_CONDITION_COUNT,NODE_COUNT,NORMALIZED_CYLOMATIC_COMPLEXITY,NUM_OPERANDS,NUM_OPERATORS,NUM_UNIQUE_OPERANDS,NUM_UNIQUE_OPERATORS,NUMBER_OF_LINES,PERCENT_COMMENTS,LOC_TOTAL,Defective
0,0.012195,0.0,0.0,0.0,0.023599,0.0,0.0,0.346154,0.0,0.0,0.0,0.462366,0.002941,0.0,0.0,0.007194,0.0,0.017227,0.016502,4.9e-05,0.001802,0.001489,0.52381,4.9e-05,0.000723,0.484536,0.0,0.0,0.004065,0.416667,0.001259,0.002455,0.003215,0.044118,0.0,0.654247,0.004032,1
1,0.018293,0.0,0.0,0.025,0.0059,0.0,0.0,0.211538,0.0,0.0,0.0,0.462366,0.0,0.0,0.0,0.01199,0.111111,0.013879,0.077839,0.000685,0.005405,0.009926,0.166667,0.000685,0.005468,0.484536,0.0,0.0,0.0,0.1875,0.007557,0.012275,0.006431,0.117647,0.013245,0.370777,0.012097,1
2,0.231707,0.201258,0.153846,0.0625,0.20649,0.221311,0.170213,0.25,0.189655,0.14,0.096774,0.344086,0.182353,0.413793,0.71,0.235012,0.111111,0.179383,0.314336,0.047311,0.142342,0.17866,0.02381,0.047311,0.142819,0.71134,0.246154,0.221311,0.186992,0.125,0.183879,0.175941,0.176849,0.411765,0.276821,0.582511,0.205645,1
3,0.006098,0.025157,0.192308,0.0,0.035398,0.032787,0.021277,0.115385,0.034483,0.0,0.032258,0.731183,0.044118,0.068966,0.67,0.083933,0.0,0.172967,0.087418,0.004606,0.043243,0.058065,0.166667,0.004606,0.042449,0.742268,0.030769,0.032787,0.052846,0.083333,0.057935,0.05892,0.106109,0.220588,0.078146,0.31475,0.068548,0
4,0.054878,0.075472,0.153846,0.175,0.064897,0.098361,0.06383,0.307692,0.103448,0.0,0.080645,0.731183,0.073529,0.103448,0.43,0.05036,0.333333,0.098863,0.091846,0.003096,0.027027,0.040199,0.142857,0.003096,0.026736,0.484536,0.092308,0.098361,0.077236,0.1875,0.031486,0.046645,0.051447,0.205882,0.084768,0.794383,0.068548,1
5,0.079268,0.037736,0.192308,0.15,0.047198,0.04918,0.031915,0.192308,0.051724,0.0,0.064516,1.0,0.047059,0.137931,1.0,0.045564,0.222222,0.110162,0.095951,0.003649,0.030631,0.047146,0.142857,0.003649,0.030605,1.0,0.046154,0.04918,0.052846,0.104167,0.042821,0.050736,0.054662,0.161765,0.076821,0.734464,0.060484,1
6,0.006098,0.012579,0.0,0.0,0.0,0.016393,0.010638,0.557692,0.017241,0.0,0.0,0.27957,0.011765,0.0,0.0,0.007194,0.055556,0.018029,0.095066,0.001087,0.009009,0.014392,0.142857,0.001087,0.007884,0.309278,0.015385,0.016393,0.012195,0.520833,0.017632,0.013093,0.012862,0.102941,0.002649,0.0,0.004032,1
7,0.02439,0.025157,0.076923,0.0125,0.020649,0.02459,0.021277,0.230769,0.017241,0.166667,0.032258,0.731183,0.026471,0.068966,0.67,0.043165,0.055556,0.082996,0.135233,0.00527,0.034234,0.047146,0.095238,0.00527,0.032938,0.742268,0.030769,0.02459,0.028455,0.1875,0.04534,0.0491,0.064309,0.264706,0.037086,0.34756,0.03629,0
8,0.04878,0.0,0.038462,0.075,0.014749,0.0,0.0,0.134615,0.0,0.0,0.0,0.462366,0.005882,0.0,0.0,0.016787,0.055556,0.079125,0.054898,0.001117,0.014414,0.022333,0.238095,0.001117,0.013901,0.484536,0.0,0.0,0.00813,0.083333,0.016373,0.027005,0.032154,0.147059,0.031788,0.637147,0.024194,1
9,0.067073,0.050314,0.038462,0.175,0.014749,0.065574,0.042553,0.211538,0.068966,0.0,0.016129,0.27957,0.061765,0.0,0.0,0.05036,0.055556,0.145209,0.250986,0.025795,0.095495,0.132506,0.047619,0.025795,0.09546,0.14433,0.061538,0.065574,0.069106,0.166667,0.151134,0.121113,0.109325,0.235294,0.064901,0.574169,0.068548,1
10,0.060976,0.213836,0.461538,0.0,0.182891,0.245902,0.191489,0.173077,0.258621,0.0,0.274194,0.892473,0.264706,0.0,0.0,0.342926,0.0,0.574906,0.219351,0.071191,0.302703,0.342432,0.047619,0.071191,0.303153,0.020619,0.230769,0.245902,0.292683,0.145833,0.27204,0.388707,0.37299,0.411765,0.282119,0.408453,0.28629,0
11,0.030488,0.037736,0.038462,0.025,0.0,0.04918,0.031915,0.288462,0.051724,0.0,0.048387,0.784946,0.055882,0.0,0.0,0.045564,0.055556,0.071419,0.143524,0.00522,0.030631,0.043672,0.095238,0.00522,0.030817,0.175258,0.046154,0.04918,0.065041,0.270833,0.055416,0.036825,0.07074,0.25,0.031788,0.103017,0.040323,1
12,0.073171,0.050314,0.192308,0.0125,0.047198,0.065574,0.042553,0.173077,0.068966,0.0,0.080645,1.0,0.073529,0.0,0.0,0.091127,0.166667,0.139385,0.133462,0.007888,0.052252,0.069479,0.095238,0.007888,0.050916,0.14433,0.061538,0.065574,0.085366,0.125,0.060453,0.076105,0.096463,0.294118,0.086093,0.38746,0.076613,1
13,0.0,0.025157,0.115385,0.0,0.0,0.02459,0.021277,0.269231,0.017241,0.166667,0.032258,0.731183,0.029412,0.103448,1.0,0.038369,0.055556,0.121321,0.083877,0.003155,0.030631,0.04268,0.166667,0.003155,0.029579,1.0,0.030769,0.02459,0.03252,0.3125,0.044081,0.042553,0.073955,0.191176,0.018543,0.0,0.030242,1
14,0.042683,0.0,0.076923,0.0,0.0,0.0,0.0,0.25,0.0,0.0,0.016129,1.0,0.002941,0.0,0.0,0.014388,0.111111,0.026852,0.033003,0.000228,0.003604,0.005459,0.357143,0.000228,0.003256,0.484536,0.0,0.0,0.004065,0.166667,0.006297,0.005728,0.012862,0.088235,0.01457,0.0,0.010081,1
15,0.006098,0.0,0.153846,0.0,0.00885,0.0,0.0,0.134615,0.0,0.0,0.016129,1.0,0.008824,0.0,0.0,0.031175,0.111111,0.091749,0.056991,0.001337,0.016216,0.024814,0.238095,0.001337,0.016409,0.484536,0.0,0.0,0.012195,0.125,0.020151,0.028642,0.045016,0.176471,0.019868,0.189629,0.024194,1
16,0.060976,0.050314,0.076923,0.025,0.041298,0.065574,0.042553,0.269231,0.068966,0.0,0.016129,0.27957,0.058824,0.103448,0.6,0.06235,0.055556,0.05196,0.165177,0.005342,0.028829,0.041191,0.071429,0.005342,0.027582,0.659794,0.061538,0.065574,0.065041,0.166667,0.041562,0.041735,0.045016,0.25,0.066225,0.463367,0.054435,1
17,0.02439,0.037736,0.0,0.0,0.0,0.04918,0.031915,0.403846,0.051724,0.0,0.0,0.139785,0.041176,0.0,0.0,0.033573,0.055556,0.023818,0.150286,0.002817,0.016216,0.02531,0.095238,0.002817,0.014972,0.175258,0.046154,0.04918,0.044715,0.375,0.021411,0.028642,0.016077,0.176471,0.021192,0.0,0.02621,1
18,0.091463,0.050314,0.153846,0.0625,0.056047,0.065574,0.042553,0.269231,0.068966,0.0,0.048387,0.645161,0.052941,0.0,0.0,0.052758,0.111111,0.082613,0.16719,0.007683,0.041441,0.057568,0.071429,0.007683,0.040117,0.14433,0.061538,0.065574,0.056911,0.125,0.064232,0.05401,0.07074,0.25,0.087417,0.641596,0.052419,1
19,0.060976,0.025157,0.038462,0.0875,0.029499,0.032787,0.021277,0.269231,0.034483,0.0,0.016129,0.462366,0.026471,0.0,0.0,0.021583,0.0,0.055517,0.189648,0.007201,0.034234,0.048139,0.071429,0.007201,0.033169,0.226804,0.030769,0.032787,0.028455,0.145833,0.046599,0.049918,0.051447,0.294118,0.045033,0.738635,0.030242,1
20,0.036585,0.012579,0.230769,0.0,0.017699,0.016393,0.010638,0.192308,0.017241,0.0,0.032258,1.0,0.029412,0.0,0.0,0.035971,0.111111,0.116753,0.071802,0.002365,0.025225,0.036725,0.190476,0.002365,0.024935,0.309278,0.015385,0.016393,0.036585,0.145833,0.040302,0.035188,0.067524,0.161765,0.033113,0.308911,0.028226,1
21,0.073171,0.213836,0.461538,0.2875,0.19174,0.229508,0.191489,0.173077,0.224138,0.046667,0.145161,0.462366,0.291176,0.275862,0.42,0.297362,0.055556,0.265309,0.396603,0.104693,0.255856,0.295285,0.02381,0.104693,0.25512,0.43299,0.230769,0.229508,0.329268,0.145833,0.319899,0.279869,0.29582,0.5,0.29404,0.56124,0.294355,0
22,0.036585,0.075472,0.230769,0.075,0.020649,0.065574,0.074468,0.192308,0.068966,0.0,0.096774,0.763441,0.097059,0.0,0.0,0.122302,0.388889,0.132968,0.216856,0.018233,0.077477,0.099752,0.047619,0.018233,0.076882,0.082474,0.061538,0.065574,0.105691,0.208333,0.089421,0.107201,0.122186,0.411765,0.090066,0.258168,0.112903,0
23,0.018293,0.0,0.076923,0.0,0.0,0.0,0.0,0.134615,0.0,0.0,0.0,0.462366,0.008824,0.0,0.0,0.031175,0.111111,0.062038,0.066409,0.001252,0.014414,0.022333,0.190476,0.001252,0.013317,0.484536,0.0,0.0,0.012195,0.145833,0.026448,0.020458,0.032154,0.102941,0.018543,0.0,0.024194,1
24,0.036585,0.050314,0.038462,0.0,0.023599,0.065574,0.042553,0.269231,0.068966,0.0,0.032258,0.462366,0.041176,0.0,0.0,0.067146,0.111111,0.182173,0.082669,0.004396,0.043243,0.061042,0.166667,0.004396,0.042442,0.14433,0.061538,0.065574,0.04065,0.208333,0.049118,0.069558,0.083601,0.191176,0.05298,0.264841,0.054435,1
25,0.164634,0.0,0.076923,0.0125,0.056047,0.0,0.0,0.096154,0.0,0.0,0.016129,1.0,0.005882,0.0,0.0,0.038369,0.055556,0.105838,0.10545,0.004147,0.032432,0.05062,0.119048,0.004147,0.032182,0.484536,0.0,0.0,0.00813,0.020833,0.062972,0.043372,0.057878,0.117647,0.080795,0.662033,0.032258,0
26,0.030488,0.100629,0.192308,0.0875,0.115044,0.122951,0.085106,0.057692,0.12069,0.043333,0.112903,0.784946,0.164706,0.241379,0.78,0.290168,1.0,0.408704,0.214763,0.049459,0.214414,0.255087,0.047619,0.049459,0.214121,0.793814,0.123077,0.122951,0.195122,0.083333,0.27204,0.244681,0.282958,0.294118,0.225166,0.369665,0.256048,1
27,0.018293,0.012579,0.038462,0.0,0.0,0.016393,0.010638,0.403846,0.017241,0.0,0.016129,0.645161,0.014706,0.0,0.0,0.014388,0.111111,0.028944,0.077839,0.00098,0.009009,0.015385,0.166667,0.00098,0.008587,0.309278,0.015385,0.016393,0.01626,0.354167,0.012594,0.018003,0.012862,0.117647,0.009272,0.0,0.010081,1
28,0.115854,0.0,0.038462,0.025,0.0,0.0,0.0,0.038462,0.0,0.0,0.016129,1.0,0.052941,0.0,0.0,0.064748,0.0,0.199086,0.075022,0.004058,0.043243,0.061042,0.190476,0.004058,0.042442,0.484536,0.0,0.0,0.073171,0.041667,0.078086,0.050736,0.099678,0.117647,0.060927,0.079383,0.056452,1
29,0.018293,0.0,0.0,0.0,0.0,0.0,0.0,0.192308,0.0,0.0,0.0,0.462366,0.0,0.0,0.0,0.019185,0.111111,0.017192,0.053691,0.000396,0.005405,0.00794,0.238095,0.000396,0.004014,0.484536,0.0,0.0,0.0,0.1875,0.007557,0.009002,0.006431,0.073529,0.011921,0.0,0.014113,1
30,0.030488,0.0,0.038462,0.05,0.035398,0.0,0.0,0.192308,0.0,0.0,0.016129,1.0,0.0,0.0,0.0,0.009592,0.166667,0.030269,0.034935,0.00027,0.003604,0.006948,0.333333,0.00027,0.003857,0.484536,0.0,0.0,0.0,0.083333,0.005038,0.009002,0.009646,0.088235,0.030464,0.855554,0.014113,1
31,0.054878,0.012579,0.153846,0.0,0.032448,0.016393,0.010638,0.134615,0.017241,0.0,0.016129,0.645161,0.032353,0.0,0.0,0.052758,0.055556,0.103397,0.10392,0.003966,0.032432,0.045658,0.142857,0.003966,0.031108,0.309278,0.015385,0.016393,0.04065,0.083333,0.035264,0.053191,0.057878,0.235294,0.05298,0.392187,0.042339,0
32,0.060976,0.012579,0.076923,0.0375,0.032448,0.016393,0.010638,0.153846,0.017241,0.0,0.032258,1.0,0.014706,0.0,0.0,0.038369,0.111111,0.114172,0.070434,0.00225,0.025225,0.034243,0.190476,0.00225,0.024033,0.309278,0.015385,0.016393,0.01626,0.083333,0.030227,0.037643,0.067524,0.220588,0.050331,0.540665,0.03629,0
33,0.085366,0.037736,0.076923,0.0625,0.00295,0.04918,0.031915,0.211538,0.051724,0.0,0.064516,1.0,0.047059,0.103448,0.75,0.052758,0.111111,0.041149,0.154633,0.004058,0.021622,0.035236,0.095238,0.004058,0.021849,0.793814,0.046154,0.04918,0.052846,0.166667,0.039043,0.033552,0.032154,0.176471,0.05298,0.245377,0.052419,1
34,0.054878,0.012579,0.115385,0.025,0.0059,0.016393,0.010638,0.230769,0.017241,0.0,0.032258,1.0,0.017647,0.0,0.0,0.026379,0.0,0.103989,0.098527,0.003639,0.030631,0.044665,0.142857,0.003639,0.029791,0.309278,0.015385,0.016393,0.020325,0.166667,0.040302,0.048282,0.057878,0.191176,0.029139,0.264841,0.024194,1
35,0.0,0.025157,0.346154,0.0125,0.067847,0.02459,0.021277,0.25,0.017241,0.166667,0.048387,1.0,0.044118,0.0,0.0,0.040767,0.0,0.095341,0.074378,0.002116,0.021622,0.031266,0.190476,0.002116,0.02144,0.226804,0.030769,0.02459,0.052846,0.125,0.028967,0.033552,0.057878,0.205882,0.051656,0.709857,0.034274,1
36,0.060976,0.050314,0.307692,0.05,0.0,0.065574,0.042553,0.230769,0.068966,0.0,0.080645,1.0,0.076471,0.0,0.0,0.067146,0.0,0.200133,0.077839,0.004331,0.045045,0.066501,0.166667,0.004331,0.044005,0.14433,0.061538,0.065574,0.089431,0.208333,0.062972,0.069558,0.07717,0.117647,0.05298,0.146392,0.0625,1
37,0.02439,0.0,0.076923,0.0125,0.035398,0.0,0.0,0.269231,0.0,0.0,0.0,0.462366,0.005882,0.0,0.0,0.009592,0.055556,0.056563,0.033567,0.000405,0.007207,0.009926,0.333333,0.000405,0.006648,0.484536,0.0,0.0,0.00813,0.104167,0.011335,0.00982,0.032154,0.132353,0.025166,0.785764,0.008065,0
38,0.103659,0.113208,0.153846,0.0125,0.023599,0.131148,0.095745,0.423077,0.12069,0.083333,0.064516,0.408602,0.111765,0.206897,0.6,0.083933,0.277778,0.12289,0.270466,0.025743,0.088288,0.113648,0.047619,0.025743,0.088689,0.628866,0.138462,0.131148,0.117886,0.291667,0.118388,0.111293,0.135048,0.426471,0.078146,0.250243,0.070565,1
39,0.219512,0.062893,0.192308,0.075,0.041298,0.081967,0.053191,0.192308,0.086207,0.0,0.096774,1.0,0.073529,0.0,0.0,0.091127,0.0,0.251221,0.159301,0.018249,0.102703,0.127543,0.095238,0.018249,0.102612,0.113402,0.076923,0.081967,0.081301,0.104167,0.139798,0.120295,0.199357,0.308824,0.121854,0.43445,0.086694,0
40,0.95122,0.377358,0.192308,0.6625,0.079646,0.459016,0.319149,0.365385,0.448276,0.05,0.145161,0.258065,0.364706,0.37931,0.35,0.189448,0.055556,0.249058,0.395557,0.098316,0.23964,0.286352,0.02381,0.098316,0.240053,0.360825,0.461538,0.459016,0.382114,0.166667,0.331234,0.257774,0.257235,0.411765,0.425166,0.673989,0.264113,1
41,0.292683,0.339623,0.423077,0.7625,0.094395,0.418033,0.287234,0.173077,0.413793,0.04,0.33871,0.741935,0.458824,0.896552,0.93,0.381295,0.166667,0.688276,0.317073,0.16853,0.50991,0.545906,0.02381,0.16853,0.510156,0.927835,0.415385,0.418033,0.52439,0.145833,0.578086,0.525368,0.543408,0.397059,0.394702,0.501182,0.441532,1
42,0.04878,0.025157,0.0,0.025,0.041298,0.02459,0.021277,0.384615,0.017241,0.166667,0.0,0.193548,0.017647,0.068966,0.67,0.021583,0.0,0.035256,0.099412,0.001681,0.012613,0.019851,0.142857,0.001681,0.012635,0.742268,0.030769,0.02459,0.01626,0.3125,0.018892,0.021277,0.025723,0.191176,0.018543,0.717503,0.020161,1
43,0.042683,0.0,0.115385,0.0,0.026549,0.0,0.0,0.25,0.0,0.0,0.016129,1.0,0.005882,0.0,0.0,0.014388,0.055556,0.055308,0.0,0.0,0.001802,0.001985,1.0,0.0,0.000799,0.484536,0.0,0.0,0.00813,0.104167,0.003778,0.001637,0.009646,0.0,0.02649,0.595857,0.010081,1
44,0.073171,0.100629,0.076923,0.0,0.0,0.131148,0.085106,0.307692,0.137931,0.0,0.129032,0.892473,0.123529,0.310345,1.0,0.105516,0.111111,0.236086,0.063028,0.00359,0.043243,0.062531,0.214286,0.00359,0.043176,1.0,0.123077,0.131148,0.138211,0.291667,0.057935,0.066285,0.093248,0.132353,0.071523,0.0,0.086694,1
45,0.0,0.012579,0.076923,0.025,0.0,0.016393,0.010638,0.307692,0.017241,0.0,0.032258,1.0,0.020588,0.0,0.0,0.016787,0.111111,0.053982,0.040248,0.000512,0.007207,0.012903,0.309524,0.000512,0.007479,0.309278,0.015385,0.016393,0.02439,0.354167,0.010076,0.015548,0.019293,0.102941,0.009272,0.185319,0.016129,0
46,0.256098,0.050314,0.384615,0.0625,0.129794,0.065574,0.042553,0.230769,0.068966,0.0,0.080645,1.0,0.073529,0.0,0.0,0.06235,0.0,0.161773,0.085004,0.004138,0.03964,0.055087,0.166667,0.004138,0.038911,0.14433,0.061538,0.065574,0.085366,0.0625,0.054156,0.056465,0.090032,0.191176,0.152318,0.840956,0.060484,1
47,0.073171,0.100629,0.076923,0.0,0.0,0.131148,0.085106,0.307692,0.137931,0.0,0.129032,0.892473,0.123529,0.310345,1.0,0.105516,0.111111,0.204073,0.07148,0.003837,0.041441,0.061538,0.190476,0.003837,0.041701,1.0,0.123077,0.131148,0.138211,0.291667,0.057935,0.064648,0.083601,0.132353,0.071523,0.0,0.086694,1
48,0.02439,0.0,0.0,0.0375,0.0,0.0,0.0,0.153846,0.0,0.0,0.0,0.462366,0.002941,0.0,0.0,0.019185,0.111111,0.032675,0.056025,0.000607,0.007207,0.012407,0.238095,0.000607,0.006697,0.484536,0.0,0.0,0.004065,0.145833,0.011335,0.013912,0.012862,0.088235,0.017219,0.245377,0.020161,1
49,0.060976,0.163522,0.307692,0.025,0.19174,0.213115,0.138298,0.115385,0.224138,0.0,0.080645,0.354839,0.202941,0.344828,0.71,0.342926,0.333333,0.390257,0.358931,0.123968,0.333333,0.381638,0.02381,0.123968,0.332896,0.721649,0.2,0.213115,0.227642,0.104167,0.414358,0.360884,0.344051,0.397059,0.288742,0.431253,0.290323,1
50,0.128049,0.062893,0.192308,0.025,0.088496,0.07377,0.053191,0.326923,0.068966,0.066667,0.064516,0.688172,0.055882,0.0,0.0,0.059952,0.055556,0.067618,0.17041,0.006829,0.036036,0.056576,0.071429,0.006829,0.034781,0.113402,0.076923,0.07377,0.056911,0.125,0.054156,0.05892,0.038585,0.161765,0.100662,0.706103,0.052419,1
51,1.0,0.672956,1.0,0.4625,0.563422,0.508197,0.723404,0.269231,0.448276,0.123333,0.725806,0.634409,0.694118,0.896552,0.38,0.851319,0.055556,0.523469,0.76793,0.710842,0.920721,0.909181,0.0,0.710842,0.920361,0.371134,0.553846,0.52459,0.682927,0.145833,0.890428,0.92144,0.797428,0.955882,1.0,0.538162,0.788306,1
52,0.0,0.0,0.0,0.0,0.0,0.0,0.0,0.211538,0.0,0.0,0.0,0.462366,0.002941,0.0,0.0,0.016787,0.0,0.049623,0.009418,6.4e-05,0.001802,0.00397,0.666667,6.4e-05,0.002053,0.484536,0.0,0.0,0.004065,0.25,0.002519,0.005728,0.009646,0.044118,0.006623,0.0,0.012097,1
53,0.02439,0.025157,0.038462,0.0375,0.0,0.032787,0.021277,0.269231,0.034483,0.0,0.048387,1.0,0.058824,0.0,0.0,0.031175,0.111111,0.115393,0.128471,0.006282,0.041441,0.060546,0.095238,0.006282,0.041593,0.226804,0.030769,0.032787,0.073171,0.270833,0.075567,0.051555,0.080386,0.176471,0.023841,0.189629,0.030242,1
54,0.018293,0.050314,0.038462,0.0,0.0,0.04918,0.042553,0.403846,0.034483,0.223333,0.016129,0.27957,0.038235,0.172414,1.0,0.043165,0.055556,0.045508,0.120744,0.002785,0.01982,0.029777,0.119048,0.002785,0.018417,1.0,0.061538,0.04918,0.036585,0.395833,0.027708,0.031915,0.028939,0.176471,0.025166,0.0,0.034274,1
55,0.469512,0.100629,0.230769,0.05,0.091445,0.131148,0.085106,0.076923,0.137931,0.0,0.145161,1.0,0.188235,0.0,0.0,0.290168,0.055556,0.701283,0.192949,0.068172,0.326126,0.367742,0.071429,0.068172,0.326637,0.072165,0.123077,0.131148,0.227642,0.041667,0.321159,0.398527,0.401929,0.323529,0.30596,0.300292,0.25,1
56,0.02439,0.062893,0.076923,0.0125,0.0,0.081967,0.053191,0.230769,0.086207,0.0,0.096774,1.0,0.123529,0.0,0.0,0.086331,0.055556,0.536616,0.063028,0.007804,0.095495,0.124566,0.214286,0.007804,0.095803,0.113402,0.076923,0.081967,0.150407,0.270833,0.15869,0.10311,0.196141,0.088235,0.051656,0.032393,0.072581,1
57,0.012195,0.0,0.115385,0.0,0.026549,0.0,0.0,0.134615,0.0,0.0,0.016129,1.0,0.011765,0.0,0.0,0.028777,0.055556,0.08746,0.074861,0.001994,0.01982,0.029777,0.190476,0.001994,0.019986,0.484536,0.0,0.0,0.01626,0.104167,0.027708,0.031915,0.051447,0.191176,0.027815,0.463367,0.022177,1
58,0.079268,0.037736,0.269231,0.0125,0.058997,0.04918,0.031915,0.326923,0.051724,0.0,0.064516,1.0,0.044118,0.0,0.0,0.040767,0.0,0.081148,0.044434,0.000822,0.012613,0.019355,0.285714,0.000822,0.011845,0.175258,0.046154,0.04918,0.04878,0.145833,0.016373,0.022095,0.032154,0.117647,0.064901,0.663562,0.034274,1
59,0.012195,0.037736,0.076923,0.0125,0.0,0.04918,0.031915,0.230769,0.051724,0.0,0.064516,1.0,0.105882,0.0,0.0,0.057554,0.055556,0.247873,0.090799,0.006785,0.061261,0.087841,0.142857,0.006785,0.061414,0.175258,0.046154,0.04918,0.134146,0.270833,0.11335,0.072013,0.11254,0.102941,0.033113,0.044905,0.048387,1
60,0.006098,0.0,0.0,0.0,0.0,0.0,0.0,0.480769,0.0,0.0,0.0,0.462366,0.0,0.0,0.0,0.002398,0.055556,0.006521,0.077839,0.000541,0.005405,0.007444,0.166667,0.000541,0.003946,0.484536,0.0,0.0,0.0,0.416667,0.010076,0.006547,0.006431,0.088235,0.0,0.0,0.0,1
61,0.280488,0.226415,0.230769,0.25,0.283186,0.270492,0.191489,0.269231,0.258621,0.063333,0.048387,0.139785,0.270588,0.275862,0.42,0.203837,0.055556,0.229286,0.395557,0.091199,0.223423,0.275931,0.02381,0.091199,0.222511,0.43299,0.276923,0.270492,0.300813,0.125,0.309824,0.254501,0.209003,0.352941,0.324503,0.779091,0.209677,0
62,0.042683,0.037736,0.115385,0.05,0.014749,0.040984,0.031915,0.230769,0.034483,0.11,0.032258,0.569892,0.044118,0.068966,0.5,0.05036,0.0,0.062038,0.157208,0.005536,0.030631,0.047643,0.095238,0.005536,0.030074,0.587629,0.046154,0.040984,0.04878,0.1875,0.037783,0.054828,0.03537,0.205882,0.046358,0.34756,0.048387,1
63,0.140244,0.062893,0.0,0.125,0.050147,0.081967,0.053191,0.326923,0.086207,0.0,0.0,0.075269,0.064706,0.137931,0.67,0.040767,0.166667,0.036721,0.200354,0.00607,0.027027,0.046154,0.071429,0.00607,0.026164,0.701031,0.076923,0.081967,0.069106,0.145833,0.039043,0.051555,0.019293,0.147059,0.086093,0.75073,0.052419,1
64,0.134146,0.025157,0.153846,0.1125,0.091445,0.032787,0.021277,0.115385,0.034483,0.0,0.032258,0.731183,0.041176,0.0,0.0,0.06235,0.333333,0.134572,0.112936,0.005717,0.043243,0.058561,0.119048,0.005717,0.042379,0.226804,0.030769,0.032787,0.04878,0.041667,0.062972,0.056465,0.096463,0.235294,0.113907,0.772418,0.068548,1
65,0.04878,0.012579,0.038462,0.0125,0.032448,0.016393,0.010638,0.230769,0.017241,0.0,0.0,0.27957,0.020588,0.0,0.0,0.028777,0.222222,0.100014,0.085004,0.002747,0.025225,0.039206,0.166667,0.002747,0.025206,0.309278,0.015385,0.016393,0.02439,0.0625,0.039043,0.040098,0.051447,0.147059,0.063576,0.556096,0.024194,1
66,0.006098,0.012579,0.192308,0.0,0.032448,0.016393,0.010638,0.134615,0.017241,0.0,0.032258,1.0,0.023529,0.0,0.0,0.052758,0.111111,0.140536,0.075344,0.002998,0.030631,0.045161,0.190476,0.002998,0.030786,0.309278,0.015385,0.016393,0.028455,0.104167,0.036524,0.051555,0.067524,0.191176,0.042384,0.392187,0.042339,1
67,0.006098,0.025157,0.038462,0.0125,0.0,0.032787,0.021277,0.403846,0.034483,0.0,0.048387,1.0,0.044118,0.0,0.0,0.021583,0.055556,0.047182,0.086453,0.001596,0.014414,0.02134,0.166667,0.001596,0.01367,0.226804,0.030769,0.032787,0.052846,0.416667,0.030227,0.016367,0.038585,0.147059,0.011921,0.08689,0.018145,1
68,0.073171,0.037736,0.115385,0.0125,0.00295,0.04918,0.031915,0.384615,0.051724,0.0,0.048387,0.784946,0.041176,0.137931,1.0,0.033573,0.111111,0.058969,0.073815,0.001435,0.014414,0.022333,0.190476,0.001435,0.01408,1.0,0.046154,0.04918,0.044715,0.25,0.023929,0.022095,0.03537,0.147059,0.034437,0.126373,0.028226,1
69,0.054878,0.037736,0.038462,0.0,0.050147,0.032787,0.031915,0.365385,0.017241,0.333333,0.032258,0.569892,0.023529,0.137931,1.0,0.038369,0.111111,0.098375,0.082267,0.002563,0.025225,0.035732,0.166667,0.002563,0.024111,1.0,0.046154,0.032787,0.020325,0.166667,0.034005,0.037643,0.057878,0.191176,0.05298,0.606006,0.030242,0
70,0.097561,0.012579,0.038462,0.125,0.020649,0.016393,0.010638,0.115385,0.017241,0.0,0.016129,0.645161,0.017647,0.0,0.0,0.033573,0.055556,0.107372,0.224342,0.016241,0.066667,0.095782,0.047619,0.016241,0.066074,0.309278,0.015385,0.016393,0.020325,0.083333,0.107053,0.089198,0.080386,0.220588,0.059603,0.638816,0.046371,1
71,0.567073,0.138365,0.384615,0.1375,0.168142,0.180328,0.117021,0.076923,0.189655,0.0,0.177419,0.913978,0.188235,0.0,0.0,0.328537,0.055556,0.586762,0.210819,0.067508,0.299099,0.338958,0.071429,0.067508,0.298077,0.051546,0.169231,0.180328,0.215447,0.041667,0.360202,0.325696,0.382637,0.294118,0.392053,0.447935,0.296371,0
72,0.060976,0.0,0.076923,0.025,0.011799,0.0,0.0,0.057692,0.0,0.0,0.016129,1.0,0.005882,0.0,0.0,0.045564,0.055556,0.146115,0.114465,0.006281,0.046847,0.067494,0.119048,0.006281,0.046189,0.484536,0.0,0.0,0.00813,0.0625,0.075567,0.063011,0.083601,0.161765,0.043709,0.269012,0.040323,1
73,0.012195,0.075472,0.076923,0.0125,0.026549,0.081967,0.06383,0.288462,0.068966,0.133333,0.080645,0.731183,0.055882,0.172414,0.71,0.083933,0.222222,0.238178,0.100378,0.007754,0.064865,0.086849,0.142857,0.007754,0.064555,0.742268,0.092308,0.081967,0.052846,0.270833,0.079345,0.092471,0.128617,0.220588,0.059603,0.272626,0.070565,1
74,0.243902,0.037736,0.153846,0.025,0.044248,0.04918,0.031915,0.211538,0.051724,0.0,0.016129,0.354839,0.047059,0.0,0.0,0.059952,0.0,0.141198,0.202608,0.016937,0.075676,0.108685,0.071429,0.016937,0.075999,0.175258,0.046154,0.04918,0.052846,0.083333,0.083123,0.126023,0.080386,0.264706,0.10596,0.492423,0.052419,1
75,0.158537,0.157233,0.615385,0.25,0.351032,0.098361,0.159574,0.115385,0.086207,0.11,0.193548,0.741935,0.197059,0.310345,0.56,0.354916,0.055556,0.440891,0.291717,0.093988,0.306306,0.338958,0.047619,0.093988,0.306897,0.57732,0.107692,0.098361,0.211382,0.0625,0.353904,0.329787,0.418006,0.470588,0.411921,0.65953,0.336694,1
76,0.02439,0.012579,0.038462,0.05,0.0,0.016393,0.010638,0.192308,0.017241,0.0,0.032258,1.0,0.014706,0.0,0.0,0.026379,0.111111,0.095376,0.003622,6.7e-05,0.003604,0.006452,0.833333,6.7e-05,0.003326,0.309278,0.015385,0.016393,0.01626,0.208333,0.007557,0.006547,0.019293,0.014706,0.022517,0.264841,0.028226,1
77,0.030488,0.0,0.0,0.0,0.0059,0.0,0.0,0.269231,0.0,0.0,0.0,0.462366,0.0,0.0,0.0,0.01199,0.111111,0.044916,0.030427,0.000292,0.005405,0.00794,0.357143,0.000292,0.00488,0.484536,0.0,0.0,0.0,0.1875,0.007557,0.009002,0.019293,0.102941,0.013245,0.213819,0.008065,1
78,0.012195,0.012579,0.153846,0.0,0.0059,0.016393,0.010638,0.192308,0.017241,0.0,0.032258,1.0,0.026471,0.0,0.0,0.035971,0.111111,0.096387,0.050712,0.00116,0.016216,0.024814,0.261905,0.00116,0.015526,0.309278,0.015385,0.016393,0.03252,0.208333,0.023929,0.026187,0.041801,0.117647,0.022517,0.120951,0.028226,1
79,0.0,0.012579,0.038462,0.0,0.014749,0.008197,0.010638,0.288462,0.0,0.333333,0.016129,0.645161,0.005882,0.068966,1.0,0.023981,0.222222,0.060678,0.042743,0.000614,0.009009,0.013896,0.285714,0.000614,0.008773,1.0,0.015385,0.008197,0.004065,0.25,0.010076,0.017185,0.025723,0.147059,0.017219,0.331016,0.018145,1
80,0.030488,0.025157,0.038462,0.0,0.017699,0.02459,0.021277,0.211538,0.017241,0.166667,0.016129,0.462366,0.023529,0.068966,0.67,0.047962,0.111111,0.111068,0.087499,0.003144,0.028829,0.043176,0.166667,0.003144,0.02838,0.742268,0.030769,0.02459,0.02439,0.1875,0.036524,0.048282,0.054662,0.176471,0.038411,0.26067,0.038306,1
81,0.085366,0.025157,0.153846,0.05,0.061947,0.02459,0.021277,0.153846,0.017241,0.166667,0.032258,0.731183,0.032353,0.068966,0.67,0.055156,0.111111,0.114416,0.137004,0.006996,0.045045,0.06005,0.095238,0.006996,0.04384,0.742268,0.030769,0.02459,0.036585,0.041667,0.057935,0.062193,0.090032,0.294118,0.113907,0.643681,0.052419,1
82,0.036585,0.050314,0.0,0.025,0.0059,0.04918,0.042553,0.653846,0.034483,0.223333,0.0,0.107527,0.038235,0.137931,0.8,0.019185,0.111111,0.030827,0.122917,0.002255,0.014414,0.023325,0.119048,0.002255,0.014279,0.824742,0.061538,0.04918,0.036585,0.458333,0.02267,0.02455,0.022508,0.176471,0.021192,0.308911,0.018145,1
83,0.0,0.012579,0.076923,0.0,0.0,0.016393,0.010638,0.192308,0.017241,0.0,0.032258,1.0,0.020588,0.0,0.0,0.035971,0.055556,0.103083,0.065202,0.001823,0.021622,0.029777,0.214286,0.001823,0.020486,0.309278,0.015385,0.016393,0.02439,0.25,0.028967,0.031097,0.061093,0.191176,0.017219,0.0,0.028226,1
84,0.012195,0.0,0.153846,0.0,0.00885,0.0,0.0,0.134615,0.0,0.0,0.016129,1.0,0.008824,0.0,0.0,0.031175,0.111111,0.086449,0.052966,0.001133,0.014414,0.022333,0.238095,0.001133,0.014584,0.484536,0.0,0.0,0.012195,0.125,0.018892,0.025368,0.041801,0.161765,0.021192,0.189629,0.024194,1
85,0.073171,0.025157,0.307692,0.0375,0.00885,0.032787,0.021277,0.153846,0.034483,0.0,0.048387,1.0,0.058824,0.0,0.0,0.057554,0.0,0.082055,0.147951,0.006135,0.036036,0.054591,0.095238,0.006135,0.03553,0.226804,0.030769,0.032787,0.073171,0.125,0.06801,0.046645,0.057878,0.161765,0.05298,0.231753,0.052419,1
86,0.073171,0.025157,0.153846,0.0125,0.0,0.032787,0.021277,0.25,0.034483,0.0,0.048387,1.0,0.041176,0.103448,1.0,0.038369,0.111111,0.081357,0.067456,0.001585,0.018018,0.026799,0.190476,0.001585,0.017077,1.0,0.030769,0.032787,0.04878,0.1875,0.030227,0.025368,0.045016,0.132353,0.035762,0.060475,0.032258,1
87,0.237805,0.213836,0.230769,0.075,0.150442,0.254098,0.180851,0.307692,0.241379,0.066667,0.129032,0.430108,0.211765,0.275862,0.44,0.196643,0.055556,0.20641,0.385897,0.079139,0.198198,0.240199,0.02381,0.079139,0.197446,0.453608,0.261538,0.254098,0.223577,0.166667,0.255668,0.230769,0.215434,0.441176,0.233113,0.546504,0.175403,1
88,0.237805,0.062893,0.269231,0.05,0.082596,0.081967,0.053191,0.173077,0.086207,0.0,0.096774,1.0,0.082353,0.0,0.0,0.100719,0.055556,0.40982,0.093134,0.011332,0.102703,0.124069,0.142857,0.011332,0.101582,0.113402,0.076923,0.081967,0.093496,0.083333,0.129723,0.121113,0.237942,0.235294,0.14702,0.556096,0.090726,1
89,0.097561,0.012579,0.269231,0.025,0.070796,0.016393,0.010638,0.269231,0.017241,0.0,0.032258,1.0,0.029412,0.0,0.0,0.021583,0.055556,0.102071,0.03904,0.000827,0.014414,0.019851,0.309524,0.000827,0.013237,0.309278,0.015385,0.016393,0.036585,0.0625,0.021411,0.01964,0.051447,0.132353,0.064901,0.881552,0.020161,1
90,0.030488,0.012579,0.0,0.0,0.0,0.016393,0.010638,0.211538,0.017241,0.0,0.0,0.27957,0.011765,0.0,0.0,0.033573,0.111111,0.010845,0.099332,0.000964,0.007207,0.011911,0.142857,0.000964,0.006452,0.309278,0.015385,0.016393,0.012195,0.208333,0.015113,0.010638,0.009646,0.102941,0.022517,0.0,0.02621,1
91,0.182927,0.18239,0.730769,0.05,0.182891,0.04918,0.234043,0.423077,0.017241,0.666667,0.290323,0.774194,0.147059,0.275862,0.35,0.199041,0.166667,0.166585,0.364405,0.058681,0.154955,0.193548,0.02381,0.058681,0.15414,0.360825,0.076923,0.04918,0.113821,0.229167,0.188917,0.197218,0.167203,0.441176,0.234437,0.591964,0.173387,0
92,0.091463,0.012579,0.038462,0.0875,0.026549,0.016393,0.010638,0.230769,0.017241,0.0,0.016129,0.645161,0.014706,0.0,0.0,0.014388,0.055556,0.076963,0.127103,0.004451,0.030631,0.04665,0.119048,0.004451,0.029181,0.309278,0.015385,0.016393,0.01626,0.104167,0.050378,0.045008,0.045016,0.147059,0.046358,0.794383,0.024194,1
93,0.042683,0.025157,0.038462,0.0125,0.014749,0.032787,0.021277,0.25,0.034483,0.0,0.048387,1.0,0.026471,0.103448,1.0,0.040767,0.055556,0.13942,0.065765,0.002392,0.027027,0.041687,0.214286,0.002392,0.027213,1.0,0.030769,0.032787,0.028455,0.1875,0.030227,0.049918,0.054662,0.161765,0.037086,0.287641,0.034274,1
94,0.018293,0.0,0.0,0.0,0.014749,0.0,0.0,0.403846,0.0,0.0,0.0,0.462366,0.0,0.0,0.0,0.004796,0.0,0.035709,0.031071,0.000253,0.005405,0.006452,0.357143,0.000253,0.003989,0.484536,0.0,0.0,0.0,0.208333,0.006297,0.007365,0.016077,0.102941,0.010596,0.534687,0.002016,1
95,0.164634,0.132075,0.423077,0.0375,0.141593,0.122951,0.117021,0.230769,0.103448,0.143333,0.145161,0.752688,0.141176,0.206897,0.5,0.167866,0.055556,0.186846,0.240522,0.029695,0.115315,0.141935,0.047619,0.029695,0.11478,0.525773,0.138462,0.139344,0.150407,0.125,0.123426,0.154664,0.173633,0.470588,0.193377,0.558321,0.145161,1
96,0.030488,0.050314,0.115385,0.025,0.00885,0.057377,0.042553,0.5,0.051724,0.083333,0.064516,0.817204,0.047059,0.103448,0.6,0.028777,0.055556,0.067896,0.078403,0.001764,0.018018,0.027295,0.166667,0.001764,0.01676,0.659794,0.061538,0.057377,0.04878,0.395833,0.027708,0.027823,0.03537,0.132353,0.02649,0.302238,0.02621,1
97,0.012195,0.0,0.038462,0.025,0.0,0.0,0.0,0.192308,0.0,0.0,0.016129,1.0,0.002941,0.0,0.0,0.014388,0.111111,0.048263,0.001368,3e-06,0.001802,0.001489,0.928571,3e-06,0.000723,0.484536,0.0,0.0,0.004065,0.208333,0.002519,0.001637,0.009646,0.014706,0.010596,0.198665,0.014113,1
98,0.152439,0.050314,0.153846,0.1375,0.061947,0.065574,0.042553,0.269231,0.068966,0.0,0.032258,0.462366,0.055882,0.0,0.0,0.038369,0.111111,0.063886,0.141834,0.004704,0.028829,0.040695,0.095238,0.004704,0.027886,0.14433,0.061538,0.065574,0.060976,0.125,0.042821,0.040098,0.054662,0.25,0.09404,0.823857,0.052419,1
99,0.29878,0.100629,0.307692,0.075,0.168142,0.106557,0.085106,0.115385,0.086207,0.166667,0.096774,0.677419,0.161765,0.310345,1.0,0.220624,0.055556,0.414702,0.200596,0.044229,0.203604,0.235236,0.071429,0.044229,0.203787,1.0,0.123077,0.106557,0.191057,0.0625,0.211587,0.251227,0.315113,0.411765,0.26755,0.544001,0.195565,1
100,0.042683,0.0,0.0,0.0,0.0,0.0,0.0,0.173077,0.0,0.0,0.0,0.462366,0.002941,0.0,0.0,0.021583,0.111111,0.106779,0.042421,0.000969,0.016216,0.023821,0.285714,0.000969,0.014758,0.484536,0.0,0.0,0.004065,0.145833,0.018892,0.027823,0.038585,0.117647,0.018543,0.0,0.016129,1
101,0.512195,0.213836,0.384615,0.55,0.224189,0.254098,0.180851,0.173077,0.258621,0.02,0.112903,0.376344,0.226471,0.275862,0.44,0.227818,0.5,0.237516,0.512517,0.154862,0.295495,0.333995,0.02381,0.154862,0.295359,0.453608,0.246154,0.254098,0.243902,0.083333,0.327456,0.338789,0.311897,0.676471,0.393377,0.754901,0.278226,1
102,0.006098,0.012579,0.0,0.0,0.0,0.016393,0.010638,0.442308,0.017241,0.0,0.0,0.27957,0.011765,0.0,0.0,0.01199,0.111111,0.027026,0.099332,0.001438,0.010811,0.018362,0.142857,0.001438,0.010545,0.309278,0.015385,0.016393,0.012195,0.4375,0.02267,0.016367,0.019293,0.117647,0.005298,0.0,0.008065,1
103,0.067073,0.037736,0.230769,0.0,0.011799,0.04918,0.031915,0.153846,0.051724,0.0,0.064516,1.0,0.055882,0.0,0.0,0.086331,0.055556,0.208118,0.130484,0.010789,0.072072,0.097767,0.095238,0.010789,0.071838,0.175258,0.046154,0.04918,0.065041,0.145833,0.095718,0.099836,0.122186,0.220588,0.064901,0.120951,0.070565,1
104,0.060976,0.062893,0.0,0.1875,0.0059,0.07377,0.053191,0.5,0.068966,0.066667,0.0,0.075269,0.052941,0.0,0.0,0.004796,0.222222,0.050146,0.112614,0.002634,0.01982,0.030769,0.119048,0.002634,0.018519,0.113402,0.076923,0.07377,0.052846,0.354167,0.030227,0.031915,0.028939,0.147059,0.035762,0.945364,0.032258,1
105,0.164634,0.037736,0.038462,0.05,0.064897,0.04918,0.031915,0.211538,0.051724,0.0,0.032258,0.569892,0.038235,0.0,0.0,0.055156,0.0,0.157309,0.080496,0.003693,0.036036,0.049132,0.166667,0.003693,0.036191,0.175258,0.046154,0.04918,0.04065,0.083333,0.041562,0.054828,0.096463,0.264706,0.098013,0.657167,0.052419,0
106,0.036585,0.0,0.038462,0.0625,0.011799,0.0,0.0,0.173077,0.0,0.0,0.0,0.462366,0.002941,0.0,0.0,0.009592,0.222222,0.049275,0.06013,0.0009,0.010811,0.016377,0.214286,0.0009,0.01001,0.484536,0.0,0.0,0.004065,0.125,0.012594,0.01964,0.022508,0.147059,0.022517,0.658557,0.016129,1
107,0.0,0.0,0.0,0.0,0.0,0.0,0.0,0.173077,0.0,0.0,0.0,0.462366,0.002941,0.0,0.0,0.021583,0.111111,0.125401,0.036545,0.000902,0.016216,0.024814,0.333333,0.000902,0.01533,0.484536,0.0,0.0,0.004065,0.229167,0.020151,0.028642,0.041801,0.102941,0.009272,0.0,0.016129,1
108,0.073171,0.012579,0.153846,0.0,0.115044,0.016393,0.010638,0.134615,0.017241,0.0,0.0,0.27957,0.038235,0.0,0.0,0.05036,0.055556,0.191554,0.078161,0.004191,0.043243,0.058561,0.166667,0.004191,0.042379,0.309278,0.015385,0.016393,0.04878,0.041667,0.071788,0.050736,0.11254,0.161765,0.092715,0.821493,0.040323,1
109,0.02439,0.050314,0.038462,0.0375,0.0,0.065574,0.042553,0.326923,0.068966,0.0,0.080645,1.0,0.097059,0.0,0.0,0.045564,0.111111,0.123588,0.172261,0.011251,0.059459,0.084367,0.071429,0.011251,0.058053,0.14433,0.061538,0.065574,0.117886,0.333333,0.107053,0.070376,0.086817,0.176471,0.031788,0.148895,0.042339,1
110,0.0,0.012579,0.076923,0.0,0.0,0.016393,0.010638,0.365385,0.017241,0.0,0.032258,1.0,0.014706,0.0,0.0,0.016787,0.055556,0.091296,0.039684,0.000769,0.012613,0.018362,0.309524,0.000769,0.012061,0.309278,0.015385,0.016393,0.01626,0.395833,0.018892,0.018822,0.045016,0.132353,0.006623,0.0,0.012097,1
111,0.164634,0.150943,0.269231,0.0375,0.00295,0.163934,0.138298,0.307692,0.172414,0.0,0.177419,0.784946,0.179412,0.241379,0.5,0.160671,0.111111,0.102699,0.386863,0.043719,0.108108,0.142432,0.02381,0.043719,0.107804,0.515464,0.153846,0.163934,0.195122,0.25,0.13728,0.146481,0.109325,0.426471,0.127152,0.072153,0.139113,1
112,0.256098,0.867925,0.923077,0.5625,1.0,0.959016,0.755319,0.230769,0.896552,0.083333,0.645161,0.526882,0.876471,1.0,0.4,0.971223,0.388889,1.0,0.330677,0.262328,0.763964,0.738462,0.02381,0.262328,0.764267,0.391753,1.0,0.959016,0.922764,0.229167,0.710327,0.756956,1.0,0.647059,0.723179,0.671486,0.905242,0
113,0.5,0.251572,0.461538,0.075,0.294985,0.286885,0.223404,0.173077,0.293103,0.02,0.258065,0.72043,0.329412,0.482759,0.64,0.407674,0.277778,0.465163,0.280689,0.091996,0.311712,0.339454,0.047619,0.091996,0.311484,0.639175,0.276923,0.286885,0.369919,0.083333,0.347607,0.334697,0.450161,0.5,0.504636,0.522591,0.352823,1
114,0.042683,0.0,0.038462,0.05,0.00295,0.0,0.0,0.307692,0.0,0.0,0.016129,1.0,0.002941,0.0,0.0,0.0,0.111111,0.033024,0.009418,3.6e-05,0.001802,0.001985,0.666667,3.6e-05,0.001052,0.484536,0.0,0.0,0.004065,0.1875,0.001259,0.003273,0.006431,0.044118,0.013245,0.631864,0.006048,1
115,0.073171,0.012579,0.115385,0.025,0.064897,0.016393,0.010638,0.192308,0.017241,0.0,0.0,0.27957,0.020588,0.0,0.0,0.031175,0.111111,0.134782,0.058842,0.00195,0.025225,0.036228,0.214286,0.00195,0.024027,0.309278,0.015385,0.016393,0.02439,0.0625,0.028967,0.041735,0.057878,0.161765,0.062252,0.775893,0.028226,0
116,0.054878,0.025157,0.038462,0.075,0.029499,0.032787,0.021277,0.269231,0.034483,0.0,0.016129,0.462366,0.026471,0.0,0.0,0.023981,0.0,0.055517,0.189648,0.007201,0.034234,0.048139,0.071429,0.007201,0.033169,0.226804,0.030769,0.032787,0.028455,0.166667,0.046599,0.049918,0.051447,0.294118,0.043709,0.69512,0.030242,1
117,0.054878,0.025157,0.0,0.0875,0.032448,0.032787,0.021277,0.230769,0.034483,0.0,0.0,0.193548,0.026471,0.103448,1.0,0.028777,0.222222,0.059562,0.105047,0.002634,0.01982,0.031762,0.142857,0.002634,0.019804,1.0,0.030769,0.032787,0.028455,0.145833,0.026448,0.036007,0.032154,0.176471,0.049007,0.69512,0.03629,1
118,0.091463,0.025157,0.153846,0.0,0.061947,0.032787,0.021277,0.115385,0.034483,0.0,0.048387,1.0,0.058824,0.0,0.0,0.083933,0.388889,0.189845,0.171859,0.01625,0.084685,0.116625,0.071429,0.01625,0.084975,0.226804,0.030769,0.032787,0.073171,0.0625,0.142317,0.100655,0.125402,0.191176,0.091391,0.470874,0.068548,1
119,0.128049,0.176101,0.384615,0.1625,0.147493,0.122951,0.170213,0.173077,0.12069,0.043333,0.193548,0.698925,0.197059,0.0,0.0,0.285372,0.166667,0.247175,0.30524,0.059691,0.185586,0.211414,0.02381,0.059691,0.185911,0.030928,0.123077,0.122951,0.207317,0.104167,0.206549,0.215221,0.299035,0.617647,0.324503,0.46587,0.264113,1
120,0.097561,0.025157,0.115385,0.0,0.044248,0.032787,0.021277,0.230769,0.034483,0.0,0.032258,0.731183,0.029412,0.0,0.0,0.045564,0.0,0.05046,0.162038,0.005059,0.027027,0.042184,0.071429,0.005059,0.0265,0.226804,0.030769,0.032787,0.03252,0.104167,0.041562,0.043372,0.03537,0.191176,0.063576,0.52134,0.03629,1
121,0.042683,0.025157,0.076923,0.0,0.023599,0.032787,0.021277,0.230769,0.034483,0.0,0.0,0.193548,0.032353,0.0,0.0,0.045564,0.0,0.086309,0.101988,0.003319,0.027027,0.041191,0.142857,0.003319,0.026166,0.226804,0.030769,0.032787,0.036585,0.166667,0.032746,0.047463,0.041801,0.176471,0.042384,0.336994,0.03629,1
122,0.04878,0.100629,0.230769,0.0125,0.0,0.114754,0.085106,0.557692,0.103448,0.096667,0.112903,0.784946,0.102941,0.310345,1.0,0.055156,0.111111,0.085123,0.145697,0.006144,0.036036,0.052605,0.095238,0.006144,0.036105,1.0,0.123077,0.114754,0.109756,0.5,0.054156,0.052373,0.064309,0.235294,0.039735,0.046295,0.046371,1
123,0.378049,0.025157,0.115385,0.0875,0.135693,0.032787,0.021277,0.0,0.034483,0.0,0.048387,1.0,0.029412,0.0,0.0,0.206235,0.0,0.791951,0.195685,0.078685,0.372973,0.401985,0.071429,0.078685,0.372514,0.226804,0.030769,0.032787,0.03252,0.0,0.464736,0.361702,0.530547,0.294118,0.272848,0.508133,0.185484,0
124,0.018293,0.0,0.076923,0.075,0.017699,0.0,0.0,0.057692,0.0,0.0,0.016129,1.0,0.008824,0.0,0.0,0.035971,0.111111,0.055482,0.166385,0.005665,0.030631,0.046154,0.071429,0.005665,0.029172,0.484536,0.0,0.0,0.012195,0.041667,0.052897,0.042553,0.041801,0.176471,0.060927,0.505491,0.040323,1
125,0.036585,0.025157,0.115385,0.0125,0.00295,0.016393,0.021277,0.346154,0.0,0.666667,0.016129,0.462366,0.020588,0.0,0.0,0.026379,0.055556,0.063049,0.090719,0.002133,0.018018,0.027792,0.142857,0.002133,0.018048,0.226804,0.030769,0.016393,0.020325,0.270833,0.025189,0.030278,0.038585,0.191176,0.022517,0.146392,0.022177,1
126,0.134146,0.100629,0.307692,0.0125,0.00295,0.098361,0.095745,0.25,0.103448,0.0,0.129032,0.806452,0.147059,0.310345,0.9,0.136691,0.111111,0.11609,0.329309,0.035574,0.102703,0.138958,0.02381,0.035574,0.10215,0.907216,0.092308,0.098361,0.166667,0.229167,0.127204,0.1473,0.099678,0.352941,0.104636,0.042819,0.114919,1
127,0.018293,0.037736,0.115385,0.075,0.011799,0.04918,0.031915,0.096154,0.051724,0.0,0.064516,1.0,0.082353,0.0,0.0,0.103118,0.444444,0.332369,0.078564,0.007026,0.072072,0.098759,0.166667,0.007026,0.071928,0.175258,0.046154,0.04918,0.101626,0.125,0.09068,0.104746,0.131833,0.147059,0.071523,0.235646,0.096774,0
128,0.054878,0.08805,0.153846,0.0,0.0,0.114754,0.074468,0.653846,0.12069,0.0,0.112903,0.88172,0.085294,0.0,0.0,0.043165,0.0,0.082369,0.075022,0.001905,0.01982,0.030769,0.190476,0.001905,0.018994,0.082474,0.107692,0.114754,0.089431,0.5,0.040302,0.025368,0.045016,0.102941,0.033113,0.0,0.034274,1
129,0.121951,0.025157,0.076923,0.025,0.0059,0.032787,0.021277,0.557692,0.034483,0.0,0.032258,0.731183,0.020588,0.0,0.0,0.009592,0.055556,0.042928,0.027047,0.000236,0.005405,0.00794,0.404762,0.000236,0.004181,0.226804,0.030769,0.032787,0.020325,0.1875,0.011335,0.006547,0.016077,0.044118,0.034437,0.397192,0.010081,1
130,0.054878,0.031447,0.076923,0.05,0.014749,0.016393,0.031915,0.461538,0.017241,0.0,0.032258,0.569892,0.026471,0.0,0.0,0.019185,0.0,0.018971,0.101988,0.00126,0.009009,0.014392,0.142857,0.00126,0.008756,0.175258,0.015385,0.016393,0.02439,0.270833,0.015113,0.01473,0.016077,0.161765,0.031788,0.544001,0.022177,1
131,0.030488,0.012579,0.076923,0.05,0.0,0.016393,0.010638,0.269231,0.017241,0.0,0.032258,1.0,0.032353,0.0,0.0,0.016787,0.0,0.065072,0.087499,0.002054,0.018018,0.02928,0.166667,0.002054,0.017904,0.309278,0.015385,0.016393,0.04065,0.229167,0.036524,0.025368,0.038585,0.117647,0.018543,0.327124,0.020161,1
132,0.042683,0.0,0.038462,0.0,0.020649,0.0,0.0,0.173077,0.0,0.0,0.0,0.462366,0.005882,0.0,0.0,0.021583,0.055556,0.035988,0.066892,0.000866,0.009009,0.013896,0.190476,0.000866,0.008631,0.484536,0.0,0.0,0.00813,0.104167,0.017632,0.012275,0.025723,0.132353,0.027815,0.442375,0.016129,1
133,0.006098,0.081761,0.038462,0.0125,0.0,0.016393,0.117021,0.423077,0.017241,0.0,0.193548,1.0,0.091176,0.0,0.0,0.103118,0.055556,0.101095,0.154552,0.007833,0.045045,0.059553,0.095238,0.007833,0.0441,0.051546,0.015385,0.016393,0.081301,0.479167,0.061713,0.05892,0.093248,0.323529,0.056954,0.027805,0.086694,1
134,0.134146,0.163522,0.0,0.1,0.103245,0.163934,0.138298,0.461538,0.12069,0.25,0.0,0.0,0.117647,0.068966,0.14,0.095923,0.0,0.188938,0.16075,0.014341,0.079279,0.112655,0.071429,0.014341,0.079527,0.175258,0.2,0.163934,0.109756,0.229167,0.133501,0.099836,0.109325,0.161765,0.136424,0.671625,0.094758,1
135,0.243902,0.050314,0.461538,0.0375,0.138643,0.065574,0.042553,0.192308,0.068966,0.0,0.064516,0.817204,0.102941,0.0,0.0,0.083933,0.0,0.190822,0.117765,0.008348,0.061261,0.081886,0.119048,0.008348,0.060472,0.14433,0.061538,0.065574,0.126016,0.0625,0.074307,0.087561,0.115756,0.25,0.162914,0.763937,0.074597,1
136,0.006098,0.0,0.192308,0.0,0.035398,0.0,0.0,0.096154,0.0,0.0,0.016129,1.0,0.011765,0.0,0.0,0.038369,0.055556,0.104094,0.073654,0.002237,0.023423,0.034243,0.190476,0.002236,0.022977,0.484536,0.0,0.0,0.01626,0.083333,0.028967,0.038462,0.054662,0.191176,0.035762,0.490616,0.030242,1
137,0.006098,0.0,0.0,0.0375,0.00885,0.0,0.0,0.25,0.0,0.0,0.0,0.462366,0.0,0.0,0.0,0.007194,0.166667,0.022528,0.047654,0.000373,0.005405,0.007444,0.261905,0.000373,0.004239,0.484536,0.0,0.0,0.0,0.208333,0.006297,0.009002,0.009646,0.102941,0.010596,0.556096,0.010081,1
138,0.140244,0.037736,0.230769,0.0375,0.058997,0.04918,0.031915,0.288462,0.051724,0.0,0.016129,0.354839,0.052941,0.0,0.0,0.043165,0.0,0.126168,0.103598,0.004662,0.037838,0.053598,0.142857,0.004662,0.036997,0.175258,0.046154,0.04918,0.060976,0.104167,0.04534,0.059738,0.07074,0.220588,0.082119,0.680384,0.040323,1
139,0.243902,0.012579,0.115385,0.025,0.032448,0.016393,0.010638,0.115385,0.017241,0.0,0.032258,1.0,0.032353,0.0,0.0,0.052758,0.055556,0.131922,0.13153,0.007332,0.048649,0.067494,0.095238,0.007332,0.04783,0.309278,0.015385,0.016393,0.04065,0.041667,0.065491,0.069558,0.086817,0.235294,0.096689,0.440845,0.046371,0
140,0.213415,0.113208,0.346154,0.1125,0.174041,0.131148,0.095745,0.153846,0.12069,0.083333,0.145161,0.903226,0.173529,0.068966,0.2,0.182254,0.166667,0.222032,0.341141,0.06682,0.187387,0.229777,0.02381,0.06682,0.187368,0.247423,0.138462,0.131148,0.203252,0.083333,0.234257,0.227496,0.209003,0.411765,0.234437,0.630196,0.169355,0
141,0.103659,0.125786,0.076923,0.0,0.100295,0.155738,0.106383,0.269231,0.155172,0.033333,0.112903,0.645161,0.120588,0.068966,0.18,0.141487,0.0,0.355419,0.103518,0.011843,0.097297,0.124566,0.142857,0.011843,0.097004,0.226804,0.153846,0.155738,0.126016,0.166667,0.132242,0.120295,0.186495,0.191176,0.143046,0.477409,0.116935,1
142,0.030488,0.025157,0.038462,0.0125,0.00295,0.032787,0.021277,0.384615,0.034483,0.0,0.016129,0.462366,0.029412,0.0,0.0,0.023981,0.055556,0.062945,0.145295,0.00486,0.028829,0.042184,0.095238,0.00486,0.028213,0.226804,0.030769,0.032787,0.03252,0.3125,0.036524,0.046645,0.045016,0.25,0.019868,0.154456,0.020161,1
143,0.030488,0.031447,0.115385,0.0875,0.00885,0.0,0.042553,0.25,0.0,0.0,0.080645,1.0,0.035294,0.0,0.0,0.055156,0.055556,0.078707,0.174435,0.007994,0.041441,0.06005,0.071429,0.007994,0.040166,0.14433,0.0,0.0,0.03252,0.229167,0.055416,0.06383,0.054662,0.235294,0.047682,0.356458,0.058468,1
144,0.02439,0.012579,0.076923,0.0,0.020649,0.016393,0.010638,0.326923,0.017241,0.0,0.032258,1.0,0.020588,0.0,0.0,0.019185,0.055556,0.034384,0.0714,0.000939,0.009009,0.014392,0.190476,0.000939,0.008907,0.309278,0.015385,0.016393,0.02439,0.208333,0.015113,0.01473,0.022508,0.147059,0.022517,0.463367,0.014113,1
145,0.018293,0.0,0.076923,0.0,0.0059,0.0,0.0,0.346154,0.0,0.0,0.016129,1.0,0.002941,0.0,0.0,0.007194,0.0,0.044602,0.025517,0.000224,0.005405,0.006948,0.404762,0.000224,0.004123,0.484536,0.0,0.0,0.004065,0.229167,0.008816,0.006547,0.019293,0.073529,0.007947,0.252746,0.004032,1
146,0.030488,0.012579,0.115385,0.0,0.00885,0.016393,0.010638,0.211538,0.017241,0.0,0.032258,1.0,0.029412,0.0,0.0,0.033573,0.0,0.111347,0.080093,0.002718,0.027027,0.040199,0.166667,0.002718,0.026287,0.309278,0.015385,0.016393,0.036585,0.166667,0.027708,0.0491,0.048232,0.191176,0.02649,0.181287,0.02621,1
147,0.006098,0.025157,0.038462,0.0125,0.0,0.016393,0.021277,0.403846,0.0,0.666667,0.016129,0.462366,0.017647,0.103448,1.0,0.021583,0.055556,0.052692,0.077839,0.001445,0.014414,0.02134,0.166667,0.001445,0.013502,1.0,0.030769,0.016393,0.01626,0.416667,0.017632,0.02455,0.028939,0.176471,0.011921,0.08689,0.018145,1
148,0.237805,0.125786,0.384615,0.05,0.171091,0.147541,0.106383,0.25,0.137931,0.073333,0.096774,0.548387,0.129412,0.137931,0.36,0.148681,0.277778,0.157379,0.156001,0.011576,0.066667,0.086849,0.095238,0.011576,0.06557,0.402062,0.153846,0.147541,0.138211,0.104167,0.09068,0.085106,0.125402,0.294118,0.222517,0.663006,0.131048,1
149,0.103659,0.037736,0.153846,0.1,0.056047,0.04918,0.031915,0.192308,0.051724,0.0,0.048387,0.784946,0.052941,0.0,0.0,0.05036,0.0,0.125471,0.147871,0.008655,0.052252,0.072953,0.095238,0.008655,0.051001,0.175258,0.046154,0.04918,0.060976,0.104167,0.051637,0.087561,0.07074,0.279412,0.083444,0.69512,0.056452,1
150,0.152439,0.138365,0.230769,0.075,0.044248,0.155738,0.117021,0.25,0.137931,0.11,0.129032,0.666667,0.158824,0.206897,0.5,0.153477,0.055556,0.257672,0.195363,0.027045,0.127928,0.164268,0.071429,0.027045,0.126857,0.525773,0.169231,0.172131,0.174797,0.1875,0.162469,0.166121,0.167203,0.264706,0.143046,0.320868,0.139113,1
151,0.091463,0.025157,0.115385,0.0125,0.056047,0.032787,0.021277,0.173077,0.034483,0.0,0.016129,0.462366,0.035294,0.0,0.0,0.059952,0.055556,0.110301,0.154472,0.008401,0.048649,0.06402,0.095238,0.008401,0.047479,0.226804,0.030769,0.032787,0.04065,0.083333,0.059194,0.067921,0.093248,0.338235,0.076821,0.545252,0.050403,0
152,0.006098,0.037736,0.0,0.0125,0.011799,0.04918,0.031915,0.230769,0.051724,0.0,0.0,0.139785,0.038235,0.0,0.0,0.059952,0.111111,0.025666,0.141753,0.002631,0.014414,0.027295,0.095238,0.002631,0.014717,0.175258,0.046154,0.04918,0.04065,0.229167,0.031486,0.025368,0.016077,0.102941,0.038411,0.193104,0.050403,1
153,0.0,0.025157,0.0,0.0,0.0,0.032787,0.021277,0.384615,0.034483,0.0,0.0,0.193548,0.026471,0.068966,0.67,0.026379,0.111111,0.012833,0.062787,0.000456,0.005405,0.008437,0.214286,0.000456,0.004056,0.742268,0.030769,0.032787,0.028455,0.416667,0.006297,0.010638,0.003215,0.073529,0.011921,0.0,0.020161,1
154,0.018293,0.0,0.0,0.0,0.0,0.0,0.0,0.211538,0.0,0.0,0.0,0.462366,0.002941,0.0,0.0,0.016787,0.111111,0.038987,0.058762,0.000736,0.009009,0.014392,0.214286,0.000736,0.008076,0.484536,0.0,0.0,0.004065,0.208333,0.012594,0.016367,0.016077,0.102941,0.010596,0.0,0.012097,1
155,0.091463,0.025157,0.115385,0.0375,0.023599,0.032787,0.021277,0.403846,0.034483,0.0,0.048387,1.0,0.029412,0.0,0.0,0.016787,0.0,0.069152,0.070031,0.001484,0.016216,0.023325,0.190476,0.001484,0.015342,0.226804,0.030769,0.032787,0.03252,0.166667,0.026448,0.022095,0.045016,0.161765,0.04106,0.637147,0.018145,1
156,0.042683,0.012579,0.038462,0.05,0.023599,0.016393,0.010638,0.25,0.017241,0.0,0.016129,0.645161,0.020588,0.0,0.0,0.019185,0.055556,0.083659,0.050632,0.001029,0.014414,0.021836,0.261905,0.001029,0.013614,0.309278,0.015385,0.016393,0.02439,0.145833,0.015113,0.027005,0.032154,0.147059,0.033113,0.641596,0.022177,1
157,0.213415,0.176101,0.346154,0.35,0.050147,0.196721,0.148936,0.211538,0.172414,0.12,0.16129,0.666667,0.185294,0.310345,0.6,0.167866,0.277778,0.35371,0.253884,0.05887,0.218018,0.255087,0.047619,0.05887,0.218289,0.618557,0.215385,0.196721,0.199187,0.166667,0.245592,0.261866,0.292605,0.411765,0.196026,0.51703,0.195565,1
158,0.189024,0.113208,0.192308,0.0875,0.082596,0.122951,0.095745,0.192308,0.103448,0.143333,0.129032,0.806452,0.120588,0.344828,1.0,0.16307,0.055556,0.191798,0.276986,0.039562,0.135135,0.169727,0.047619,0.039562,0.134397,1.0,0.138462,0.122951,0.130081,0.125,0.151134,0.182488,0.163987,0.411765,0.174834,0.446406,0.149194,0
159,0.018293,0.0,0.0,0.025,0.00295,0.016393,0.0,0.269231,0.017241,0.0,0.0,0.462366,0.0,0.0,0.0,0.007194,0.111111,0.062003,0.039362,0.000552,0.009009,0.013896,0.309524,0.000552,0.008329,0.484536,0.015385,0.016393,0.0,0.229167,0.007557,0.018822,0.019293,0.132353,0.009272,0.34756,0.008065,1
160,0.036585,0.025157,0.0,0.075,0.0,0.02459,0.021277,0.211538,0.017241,0.166667,0.0,0.193548,0.023529,0.103448,1.0,0.035971,0.055556,0.050286,0.177976,0.005985,0.028829,0.04268,0.071429,0.005985,0.028964,1.0,0.030769,0.02459,0.02439,0.208333,0.04534,0.041735,0.048232,0.264706,0.033113,0.308911,0.040323,1
161,0.006098,0.0,0.076923,0.075,0.038348,0.0,0.0,0.115385,0.0,0.0,0.0,0.462366,0.005882,0.0,0.0,0.019185,0.055556,0.075813,0.073573,0.001729,0.018018,0.027295,0.190476,0.001729,0.017372,0.484536,0.0,0.0,0.00813,0.083333,0.032746,0.02455,0.045016,0.132353,0.034437,0.8005,0.02621,1
162,0.006098,0.09434,0.038462,0.0125,0.0,0.032787,0.12766,0.423077,0.034483,0.0,0.209677,1.0,0.1,0.0,0.0,0.110312,0.055556,0.103397,0.166626,0.009135,0.048649,0.064516,0.071429,0.009135,0.048244,0.041237,0.030769,0.032787,0.089431,0.479167,0.06801,0.063011,0.099678,0.338235,0.060927,0.026276,0.092742,1
163,0.085366,0.012579,0.153846,0.0125,0.026549,0.016393,0.010638,0.211538,0.017241,0.0,0.032258,1.0,0.023529,0.0,0.0,0.031175,0.055556,0.100014,0.062626,0.001667,0.01982,0.029777,0.214286,0.001667,0.019251,0.309278,0.015385,0.016393,0.028455,0.104167,0.027708,0.031915,0.048232,0.147059,0.046358,0.479355,0.02621,1
164,0.097561,0.138365,0.192308,0.0625,0.023599,0.155738,0.117021,0.288462,0.137931,0.11,0.145161,0.752688,0.126471,0.275862,0.67,0.134293,0.166667,0.272004,0.132496,0.014159,0.093694,0.125558,0.095238,0.014159,0.093569,0.680412,0.169231,0.172131,0.130081,0.25,0.109572,0.136661,0.138264,0.220588,0.109934,0.240929,0.120968,1
165,0.036585,0.27673,0.076923,0.0125,0.171091,0.311475,0.244681,0.269231,0.327586,0.0,0.370968,0.956989,0.314706,0.0,0.0,0.316547,0.055556,0.575289,0.200274,0.060274,0.279279,0.304218,0.071429,0.060274,0.278862,0.010309,0.292308,0.311475,0.341463,0.208333,0.309824,0.301146,0.463023,0.411765,0.258278,0.416377,0.266129,1
166,0.115854,0.025157,0.192308,0.0625,0.029499,0.032787,0.021277,0.211538,0.034483,0.0,0.048387,1.0,0.029412,0.103448,1.0,0.038369,0.055556,0.07501,0.08927,0.002369,0.021622,0.031266,0.142857,0.002369,0.020547,1.0,0.030769,0.032787,0.03252,0.104167,0.037783,0.027823,0.051447,0.161765,0.063576,0.563604,0.040323,1
167,0.054878,0.0,0.076923,0.0,0.020649,0.0,0.0,0.173077,0.0,0.0,0.016129,1.0,0.002941,0.0,0.0,0.021583,0.0,0.070198,0.095951,0.002545,0.021622,0.030769,0.142857,0.002545,0.020784,0.484536,0.0,0.0,0.004065,0.083333,0.028967,0.032733,0.048232,0.220588,0.030464,0.442375,0.016129,0
168,0.207317,0.0,0.153846,0.1375,0.091445,0.0,0.0,0.0,0.0,0.0,0.016129,1.0,0.017647,0.0,0.0,0.071942,0.277778,0.108,0.175883,0.010443,0.054054,0.078908,0.071429,0.010443,0.052692,0.484536,0.0,0.0,0.02439,0.0,0.065491,0.08838,0.061093,0.220588,0.137748,0.748645,0.080645,1
169,0.134146,0.345912,0.5,0.15,0.097345,0.303279,0.319149,0.288462,0.293103,0.056667,0.306452,0.602151,0.35,0.206897,0.19,0.369305,0.166667,0.504185,0.164212,0.037032,0.205405,0.236228,0.071429,0.037032,0.204635,0.195876,0.307692,0.303279,0.361789,0.25,0.200252,0.260229,0.324759,0.367647,0.290066,0.305158,0.332661,1
170,0.018293,0.0,0.038462,0.025,0.014749,0.0,0.0,0.269231,0.0,0.0,0.0,0.462366,0.005882,0.0,0.0,0.007194,0.055556,0.035605,0.06174,0.000753,0.009009,0.0134,0.214286,0.000753,0.007904,0.484536,0.0,0.0,0.00813,0.166667,0.013854,0.013912,0.019293,0.117647,0.01457,0.60823,0.008065,1
171,0.121951,0.113208,0.076923,0.0875,0.041298,0.07377,0.117021,0.384615,0.068966,0.066667,0.016129,0.086022,0.114706,0.068966,0.17,0.098321,0.111111,0.083938,0.205506,0.01134,0.05045,0.068486,0.071429,0.01134,0.049511,0.206186,0.076923,0.07377,0.113821,0.270833,0.070529,0.067921,0.080386,0.323529,0.10596,0.429306,0.094758,1
172,0.042683,0.0,0.115385,0.025,0.020649,0.0,0.0,0.173077,0.0,0.0,0.0,0.462366,0.008824,0.0,0.0,0.019185,0.111111,0.063851,0.057716,0.001021,0.012613,0.019355,0.238095,0.001021,0.012018,0.484536,0.0,0.0,0.012195,0.083333,0.018892,0.020458,0.032154,0.132353,0.029139,0.544001,0.018145,1
173,0.493902,1.0,0.307692,1.0,0.486726,1.0,1.0,0.288462,1.0,0.033333,1.0,0.634409,1.0,0.896552,0.27,1.0,0.166667,0.435207,1.0,1.0,1.0,1.0,0.0,1.0,1.0,0.257732,0.984615,1.0,1.0,0.229167,1.0,1.0,0.720257,1.0,0.981457,0.50994,1.0,1
174,0.060976,0.037736,0.038462,0.0625,0.0,0.04918,0.031915,0.192308,0.051724,0.0,0.064516,1.0,0.079412,0.0,0.0,0.059952,0.0,0.130562,0.114546,0.005707,0.041441,0.06402,0.119048,0.005707,0.041772,0.175258,0.046154,0.04918,0.097561,0.1875,0.081864,0.053191,0.07074,0.117647,0.050331,0.193104,0.058468,1
175,0.073171,0.037736,0.115385,0.025,0.082596,0.04918,0.031915,0.173077,0.051724,0.0,0.032258,0.569892,0.041176,0.0,0.0,0.074341,0.111111,0.083729,0.110038,0.003695,0.027027,0.040199,0.119048,0.003695,0.027365,0.175258,0.046154,0.04918,0.044715,0.083333,0.035264,0.04419,0.054662,0.235294,0.09404,0.62255,0.064516,1
176,0.079268,0.025157,0.153846,0.0125,0.014749,0.032787,0.021277,0.096154,0.034483,0.0,0.048387,1.0,0.052941,0.0,0.0,0.093525,0.0,0.321732,0.113982,0.012728,0.097297,0.123573,0.119048,0.012728,0.095956,0.226804,0.030769,0.032787,0.065041,0.083333,0.11335,0.130933,0.173633,0.235294,0.074172,0.163492,0.078629,1
177,0.054878,0.012579,0.076923,0.125,0.017699,0.016393,0.010638,0.153846,0.017241,0.0,0.032258,1.0,0.014706,0.0,0.0,0.023981,0.0,0.11466,0.053691,0.001469,0.01982,0.030273,0.238095,0.001469,0.019142,0.309278,0.015385,0.016393,0.01626,0.104167,0.028967,0.031915,0.048232,0.117647,0.043709,0.69512,0.038306,1
178,0.030488,0.0,0.115385,0.0,0.038348,0.0,0.0,0.173077,0.0,0.0,0.016129,1.0,0.005882,0.0,0.0,0.023981,0.166667,0.049658,0.054496,0.000772,0.009009,0.014888,0.238095,0.000772,0.009183,0.484536,0.0,0.0,0.00813,0.083333,0.011335,0.018003,0.022508,0.147059,0.034437,0.623245,0.018145,1
179,0.079268,0.025157,0.115385,0.0375,0.070796,0.032787,0.021277,0.134615,0.034483,0.0,0.048387,1.0,0.032353,0.0,0.0,0.06235,0.055556,0.097608,0.130725,0.005647,0.037838,0.054094,0.095238,0.005647,0.036584,0.226804,0.030769,0.032787,0.036585,0.0625,0.049118,0.058101,0.061093,0.220588,0.084768,0.636174,0.056452,0
180,0.103659,0.163522,0.0,0.2375,0.156342,0.188525,0.138298,0.346154,0.172414,0.09,0.0,0.0,0.147059,0.275862,0.57,0.105516,0.111111,0.152985,0.184577,0.015301,0.075676,0.10273,0.071429,0.015301,0.074746,0.587629,0.2,0.188525,0.150407,0.1875,0.107053,0.100655,0.109325,0.25,0.17351,0.82052,0.125,1
181,0.006098,0.0,0.0,0.0375,0.00885,0.0,0.0,0.25,0.0,0.0,0.0,0.462366,0.0,0.0,0.0,0.007194,0.166667,0.046555,0.055059,0.000749,0.009009,0.015385,0.238095,0.000749,0.008778,0.484536,0.0,0.0,0.0,0.208333,0.013854,0.017185,0.019293,0.102941,0.010596,0.556096,0.010081,1
182,0.115854,0.062893,0.153846,0.05,0.053097,0.065574,0.053191,0.346154,0.051724,0.166667,0.064516,0.688172,0.055882,0.137931,0.67,0.052758,0.222222,0.169689,0.098446,0.00553,0.046847,0.064516,0.142857,0.00553,0.046277,0.701031,0.076923,0.065574,0.056911,0.145833,0.049118,0.075286,0.090032,0.25,0.090066,0.611706,0.050403,1
183,0.70122,0.176101,0.115385,0.4375,0.035398,0.229508,0.148936,0.288462,0.241379,0.0,0.032258,0.129032,0.182353,0.310345,0.6,0.103118,0.055556,0.268134,0.231265,0.038264,0.154955,0.19206,0.047619,0.038264,0.15412,0.618557,0.215385,0.229508,0.195122,0.125,0.216625,0.176759,0.209003,0.294118,0.268874,0.680662,0.155242,1
184,0.073171,0.025157,0.076923,0.025,0.0059,0.032787,0.021277,0.307692,0.034483,0.0,0.048387,1.0,0.026471,0.0,0.0,0.028777,0.055556,0.165225,0.044756,0.001545,0.023423,0.033747,0.285714,0.001545,0.023376,0.226804,0.030769,0.032787,0.028455,0.1875,0.037783,0.031915,0.080386,0.132353,0.034437,0.252746,0.02621,1
185,0.006098,0.012579,0.0,0.0,0.0,0.016393,0.010638,0.403846,0.017241,0.0,0.0,0.27957,0.020588,0.0,0.0,0.014388,0.111111,0.051995,0.065121,0.001064,0.012613,0.019355,0.214286,0.001064,0.011279,0.309278,0.015385,0.016393,0.02439,0.395833,0.026448,0.015548,0.028939,0.088235,0.006623,0.0,0.010081,1
186,0.0,0.012579,0.0,0.0,0.026549,0.016393,0.010638,0.134615,0.017241,0.0,0.0,0.27957,0.017647,0.0,0.0,0.05036,0.111111,0.167527,0.048137,0.001739,0.025225,0.037221,0.261905,0.001739,0.025057,0.309278,0.015385,0.016393,0.020325,0.125,0.040302,0.036007,0.073955,0.117647,0.037086,0.34756,0.040323,1
187,0.012195,0.289308,0.307692,0.4125,0.171091,0.352459,0.244681,0.230769,0.344828,0.046667,0.129032,0.311828,0.329412,0.37931,0.46,0.292566,0.0,0.339413,0.418578,0.145828,0.338739,0.386104,0.02381,0.145828,0.338203,0.463918,0.353846,0.352459,0.361789,0.1875,0.405542,0.373977,0.337621,0.470588,0.296689,0.577645,0.310484,1
188,0.134146,0.125786,0.269231,0.0375,0.00295,0.131148,0.117021,0.288462,0.137931,0.0,0.129032,0.666667,0.158824,0.275862,0.67,0.139089,0.111111,0.11351,0.330033,0.035079,0.100901,0.134491,0.02381,0.035079,0.100462,0.680412,0.123077,0.131148,0.174797,0.25,0.125945,0.140753,0.106109,0.382353,0.108609,0.081746,0.120968,1
189,0.158537,0.08805,0.153846,0.0625,0.094395,0.098361,0.074468,0.173077,0.086207,0.11,0.080645,0.645161,0.1,0.103448,0.38,0.134293,0.111111,0.315839,0.149561,0.020145,0.120721,0.149876,0.095238,0.020145,0.120178,0.42268,0.107692,0.098361,0.109756,0.104167,0.139798,0.157119,0.202572,0.294118,0.154967,0.519533,0.120968,1
190,0.036585,0.0,0.0,0.025,0.0059,0.0,0.0,0.269231,0.0,0.0,0.0,0.462366,0.0,0.0,0.0,0.007194,0.055556,0.023888,0.089914,0.001131,0.009009,0.015385,0.142857,0.00113,0.008778,0.484536,0.0,0.0,0.0,0.166667,0.017632,0.01473,0.016077,0.117647,0.01457,0.427777,0.008065,1
191,0.02439,0.0,0.038462,0.05,0.0,0.0,0.0,0.192308,0.0,0.0,0.0,0.462366,0.002941,0.0,0.0,0.009592,0.0,0.058097,0.081864,0.001688,0.016216,0.024814,0.166667,0.001688,0.01533,0.484536,0.0,0.0,0.004065,0.1875,0.020151,0.028642,0.028939,0.161765,0.013245,0.397192,0.014113,1
192,0.182927,0.100629,0.192308,0.075,0.132743,0.131148,0.085106,0.173077,0.137931,0.0,0.129032,0.892473,0.126471,0.241379,0.78,0.155875,0.055556,0.136804,0.199469,0.016025,0.073874,0.098759,0.071429,0.016025,0.072851,0.793814,0.123077,0.131148,0.142276,0.104167,0.086902,0.107201,0.102894,0.323529,0.190728,0.581121,0.141129,0
193,0.469512,0.188679,0.346154,0.3125,0.044248,0.237705,0.159574,0.25,0.241379,0.023333,0.16129,0.623656,0.241176,0.275862,0.5,0.165468,0.166667,0.283268,0.271352,0.054226,0.189189,0.224814,0.047619,0.054226,0.188659,0.515464,0.230769,0.237705,0.272358,0.125,0.238035,0.216858,0.257235,0.397059,0.254305,0.483526,0.1875,1
194,0.04878,0.100629,0.153846,0.075,0.020649,0.114754,0.085106,0.288462,0.103448,0.096667,0.096774,0.677419,0.144118,0.275862,0.89,0.098321,0.0,0.342098,0.13306,0.017651,0.117117,0.151861,0.095238,0.017651,0.116709,0.896907,0.123077,0.114754,0.166667,0.25,0.117128,0.175123,0.163987,0.25,0.07947,0.301265,0.092742,1
195,0.097561,0.062893,0.230769,0.0,0.014749,0.081967,0.053191,0.153846,0.086207,0.0,0.080645,0.849462,0.076471,0.0,0.0,0.127098,0.222222,0.309248,0.234001,0.044632,0.178378,0.216873,0.047619,0.044632,0.178133,0.113402,0.076923,0.081967,0.085366,0.145833,0.229219,0.209493,0.237942,0.323529,0.095364,0.108578,0.104839,1
196,0.115854,0.012579,0.153846,0.025,0.047198,0.016393,0.010638,0.134615,0.017241,0.0,0.032258,1.0,0.026471,0.0,0.0,0.045564,0.055556,0.144964,0.094824,0.004515,0.03964,0.053598,0.142857,0.004515,0.038736,0.309278,0.015385,0.016393,0.03252,0.041667,0.056675,0.052373,0.096463,0.220588,0.080795,0.581955,0.040323,1
197,0.140244,0.062893,0.0,0.125,0.050147,0.081967,0.053191,0.326923,0.086207,0.0,0.0,0.075269,0.064706,0.137931,0.67,0.040767,0.166667,0.071419,0.207599,0.010209,0.045045,0.07196,0.071429,0.010209,0.043927,0.701031,0.076923,0.081967,0.069106,0.145833,0.049118,0.087561,0.032154,0.191176,0.086093,0.75073,0.052419,1
198,0.091463,0.062893,0.153846,0.0125,0.00295,0.081967,0.053191,0.288462,0.086207,0.0,0.080645,0.849462,0.1,0.0,0.0,0.071942,0.111111,0.095725,0.194719,0.011402,0.052252,0.077419,0.071429,0.011402,0.05242,0.113402,0.076923,0.081967,0.117886,0.229167,0.079345,0.076923,0.067524,0.220588,0.059603,0.073127,0.060484,1
199,0.030488,0.025157,0.115385,0.0375,0.0059,0.032787,0.021277,0.211538,0.034483,0.0,0.048387,1.0,0.035294,0.0,0.0,0.043165,0.111111,0.067652,0.110038,0.003135,0.023423,0.036228,0.119048,0.003135,0.022925,0.226804,0.030769,0.032787,0.04065,0.1875,0.032746,0.03928,0.038585,0.176471,0.034437,0.239677,0.040323,1
200,0.134146,0.025157,0.076923,0.0375,0.014749,0.02459,0.021277,0.173077,0.017241,0.166667,0.032258,0.731183,0.020588,0.068966,0.67,0.05036,0.166667,0.076231,0.127103,0.004424,0.028829,0.041191,0.119048,0.004424,0.028976,0.742268,0.030769,0.02459,0.020325,0.104167,0.031486,0.048282,0.054662,0.308824,0.064901,0.317809,0.046371,1
201,0.060976,0.025157,0.076923,0.075,0.035398,0.032787,0.021277,0.288462,0.034483,0.0,0.048387,1.0,0.029412,0.103448,1.0,0.021583,0.111111,0.038987,0.112936,0.002238,0.016216,0.02531,0.119048,0.002238,0.01541,1.0,0.030769,0.032787,0.03252,0.145833,0.025189,0.026187,0.025723,0.161765,0.046358,0.758376,0.028226,1
202,0.103659,0.113208,0.192308,0.075,0.023599,0.139344,0.095745,0.230769,0.137931,0.036667,0.145161,0.903226,0.114706,0.206897,0.6,0.131894,0.166667,0.282466,0.119697,0.012271,0.088288,0.119603,0.119048,0.012271,0.088537,0.628866,0.138462,0.139344,0.121951,0.208333,0.103275,0.130933,0.135048,0.205882,0.111258,0.259558,0.120968,1
203,0.152439,0.075472,0.269231,0.075,0.115044,0.098361,0.06383,0.115385,0.103448,0.0,0.096774,0.870968,0.120588,0.0,0.0,0.155875,0.333333,0.292684,0.157852,0.020667,0.117117,0.146402,0.095238,0.020667,0.117445,0.103093,0.092308,0.098361,0.142276,0.083333,0.130982,0.157119,0.196141,0.323529,0.176159,0.539274,0.141129,0
204,0.243902,0.138365,0.384615,0.375,0.056047,0.172131,0.117021,0.192308,0.172414,0.03,0.145161,0.752688,0.188235,0.068966,0.17,0.141487,0.166667,0.268238,0.31659,0.068902,0.207207,0.249132,0.02381,0.068902,0.207603,0.206186,0.169231,0.172131,0.215447,0.125,0.265743,0.238953,0.247588,0.397059,0.193377,0.597525,0.177419,1
205,0.152439,0.037736,0.307692,0.0875,0.0,0.032787,0.031915,0.211538,0.034483,0.0,0.064516,1.0,0.079412,0.0,0.0,0.05036,0.0,0.15173,0.066731,0.002635,0.030631,0.044665,0.190476,0.002635,0.029791,0.175258,0.030769,0.032787,0.097561,0.125,0.052897,0.040098,0.073955,0.117647,0.06755,0.286251,0.054435,1
206,0.079268,0.012579,0.115385,0.05,0.056047,0.016393,0.010638,0.269231,0.017241,0.0,0.016129,0.645161,0.035294,0.0,0.0,0.016787,0.0,0.054436,0.093375,0.002013,0.016216,0.026799,0.142857,0.002013,0.016474,0.309278,0.015385,0.016393,0.044715,0.083333,0.032746,0.023732,0.03537,0.132353,0.054305,0.888225,0.020161,1
207,0.097561,0.163522,0.192308,0.0375,0.085546,0.204918,0.138298,0.153846,0.206897,0.026667,0.177419,0.784946,0.208824,0.068966,0.14,0.275779,0.0,0.548089,0.168478,0.042036,0.227027,0.260546,0.071429,0.042036,0.227142,0.175258,0.2,0.204918,0.235772,0.145833,0.2733,0.252864,0.356913,0.294118,0.213245,0.290838,0.235887,0
208,0.219512,0.125786,0.307692,0.2625,0.085546,0.147541,0.106383,0.269231,0.137931,0.073333,0.112903,0.645161,0.126471,0.137931,0.36,0.093525,0.222222,0.21572,0.19311,0.022526,0.106306,0.136973,0.071429,0.022526,0.106453,0.402062,0.153846,0.147541,0.134146,0.125,0.11335,0.153028,0.151125,0.352941,0.177483,0.731684,0.118952,1
209,0.018293,0.0,0.0,0.0,0.0,0.0,0.0,0.173077,0.0,0.0,0.0,0.462366,0.002941,0.0,0.0,0.021583,0.111111,0.040522,0.058762,0.000755,0.009009,0.014888,0.214286,0.000755,0.008331,0.484536,0.0,0.0,0.004065,0.1875,0.012594,0.017185,0.016077,0.102941,0.013245,0.0,0.016129,1
210,0.20122,0.125786,0.038462,0.0625,0.280236,0.163934,0.106383,0.25,0.172414,0.0,0.0,0.010753,0.161765,0.0,0.0,0.141487,0.222222,0.251988,0.319488,0.06621,0.198198,0.262531,0.02381,0.06621,0.197662,0.051546,0.153846,0.163934,0.182927,0.083333,0.284635,0.248773,0.157556,0.220588,0.251656,0.842625,0.127016,1
211,0.0,0.0,0.0,0.0,0.0,0.0,0.0,0.192308,0.0,0.0,0.0,0.462366,0.002941,0.0,0.0,0.019185,0.111111,0.104129,0.038155,0.000813,0.014414,0.021836,0.309524,0.000813,0.013241,0.484536,0.0,0.0,0.004065,0.229167,0.017632,0.025368,0.03537,0.102941,0.007947,0.0,0.014113,1
212,0.036585,0.012579,0.038462,0.05,0.0,0.016393,0.010638,0.153846,0.017241,0.0,0.032258,1.0,0.026471,0.0,0.0,0.038369,0.0,0.060643,0.094422,0.00222,0.018018,0.028288,0.142857,0.00222,0.018159,0.309278,0.015385,0.016393,0.03252,0.145833,0.032746,0.026187,0.041801,0.161765,0.031788,0.213819,0.038306,1
213,0.085366,0.037736,0.115385,0.025,0.058997,0.04918,0.031915,0.288462,0.051724,0.0,0.032258,0.569892,0.047059,0.0,0.0,0.043165,0.055556,0.070303,0.300974,0.02019,0.063063,0.091811,0.047619,0.02019,0.062275,0.175258,0.046154,0.04918,0.052846,0.104167,0.104534,0.084288,0.064309,0.25,0.078146,0.664952,0.038306,1
214,0.469512,0.289308,0.346154,0.25,0.165192,0.368852,0.244681,0.173077,0.37931,0.013333,0.370968,0.956989,0.388235,0.482759,0.58,0.398082,0.222222,0.823685,0.166304,0.060835,0.333333,0.366253,0.071429,0.060835,0.333643,0.587629,0.353846,0.368852,0.443089,0.104167,0.312343,0.4018,0.466238,0.338235,0.442384,0.426109,0.372984,1
215,0.036585,0.0,0.038462,0.0125,0.017699,0.0,0.0,0.269231,0.0,0.0,0.0,0.462366,0.002941,0.0,0.0,0.009592,0.055556,0.032396,0.024712,0.000165,0.003604,0.005459,0.428571,0.000165,0.002869,0.484536,0.0,0.0,0.004065,0.125,0.002519,0.008183,0.006431,0.073529,0.019868,0.572501,0.008065,1
216,0.02439,0.0,0.0,0.0,0.029499,0.0,0.0,0.403846,0.0,0.0,0.0,0.462366,0.0,0.0,0.0,0.004796,0.0,0.014472,0.016502,4.2e-05,0.001802,0.000993,0.52381,4.2e-05,0.000515,0.484536,0.0,0.0,0.0,0.333333,0.001259,0.001637,0.003215,0.044118,0.002649,0.772418,0.002016,1
217,0.02439,0.012579,0.0,0.0125,0.0,0.016393,0.010638,0.269231,0.017241,0.0,0.0,0.27957,0.014706,0.068966,1.0,0.023981,0.111111,0.023713,0.066248,0.000667,0.007207,0.010422,0.190476,0.000667,0.006319,1.0,0.015385,0.016393,0.01626,0.25,0.011335,0.010638,0.016077,0.132353,0.017219,0.081746,0.020161,1
218,0.079268,0.0,0.038462,0.0375,0.053097,0.0,0.0,0.115385,0.0,0.0,0.016129,1.0,0.002941,0.0,0.0,0.028777,0.111111,0.065211,0.177815,0.007185,0.036036,0.054591,0.071429,0.007185,0.035232,0.484536,0.0,0.0,0.004065,0.041667,0.06801,0.046645,0.051447,0.176471,0.058278,0.748645,0.028226,1
219,0.128049,0.025157,0.153846,0.125,0.064897,0.032787,0.021277,0.115385,0.034483,0.0,0.016129,0.462366,0.041176,0.0,0.0,0.057554,0.111111,0.134015,0.185221,0.013744,0.066667,0.089826,0.071429,0.013744,0.066704,0.226804,0.030769,0.032787,0.04878,0.0625,0.089421,0.090835,0.109325,0.308824,0.099338,0.717503,0.066532,1
220,0.29878,0.238994,0.538462,0.2,0.109145,0.303279,0.202128,0.461538,0.310345,0.016667,0.225806,0.688172,0.291176,0.137931,0.2,0.129496,0.166667,0.249268,0.583112,0.207684,0.34955,0.401489,0.0,0.207684,0.350069,0.216495,0.292308,0.303279,0.325203,0.229167,0.396725,0.405074,0.299035,0.602941,0.203974,0.652023,0.139113,1
221,0.042683,0.025157,0.038462,0.1375,0.088496,0.032787,0.021277,0.211538,0.034483,0.0,0.0,0.193548,0.029412,0.0,0.0,0.023981,0.333333,0.041672,0.139177,0.003383,0.01982,0.032258,0.095238,0.003383,0.019862,0.226804,0.030769,0.032787,0.03252,0.083333,0.037783,0.02946,0.032154,0.161765,0.074172,1.0,0.040323,1
222,0.0,0.012579,0.076923,0.0,0.0,0.016393,0.010638,0.192308,0.017241,0.0,0.032258,1.0,0.020588,0.0,0.0,0.035971,0.055556,0.096422,0.069226,0.001899,0.021622,0.029777,0.190476,0.001899,0.020324,0.309278,0.015385,0.016393,0.02439,0.25,0.028967,0.031097,0.057878,0.191176,0.017219,0.0,0.028226,1
223,0.02439,0.0,0.0,0.0,0.00295,0.0,0.0,0.269231,0.0,0.0,0.0,0.462366,0.0,0.0,0.0,0.01199,0.111111,0.047392,0.030427,0.000304,0.005405,0.008437,0.357143,0.000304,0.00514,0.484536,0.0,0.0,0.0,0.208333,0.007557,0.00982,0.019293,0.102941,0.010596,0.115807,0.008065,1
224,0.280488,0.100629,0.307692,0.4375,0.091445,0.131148,0.085106,0.173077,0.137931,0.0,0.112903,0.784946,0.126471,0.0,0.0,0.081535,0.0,0.266599,0.233196,0.038648,0.154955,0.19206,0.047619,0.038648,0.154494,0.072165,0.123077,0.131148,0.142276,0.104167,0.187657,0.195581,0.202572,0.338235,0.190728,0.865564,0.137097,1
225,0.060976,0.075472,0.230769,0.025,0.091445,0.090164,0.06383,0.25,0.086207,0.056667,0.096774,0.870968,0.079412,0.103448,0.43,0.091127,0.055556,0.235179,0.086372,0.005955,0.055856,0.072953,0.166667,0.005955,0.056007,0.484536,0.092308,0.090164,0.085366,0.145833,0.075567,0.072013,0.14791,0.235294,0.104636,0.595857,0.078629,0
226,0.042683,0.025157,0.038462,0.0375,0.020649,0.032787,0.021277,0.25,0.034483,0.0,0.048387,1.0,0.026471,0.103448,1.0,0.035971,0.055556,0.13942,0.065765,0.002392,0.027027,0.041687,0.214286,0.002392,0.027213,1.0,0.030769,0.032787,0.028455,0.166667,0.030227,0.049918,0.054662,0.161765,0.039735,0.448353,0.034274,1
227,0.310976,0.138365,0.5,0.0,0.041298,0.180328,0.117021,0.153846,0.189655,0.0,0.16129,0.83871,0.267647,0.0,0.0,0.239808,0.111111,0.32916,0.198905,0.035062,0.162162,0.202978,0.071429,0.035062,0.162351,0.051546,0.169231,0.180328,0.325203,0.125,0.236776,0.181669,0.21865,0.235294,0.215894,0.162241,0.199597,1
228,0.012195,0.025157,0.269231,0.0375,0.103245,0.02459,0.021277,0.115385,0.017241,0.166667,0.0,0.193548,0.041176,0.068966,0.67,0.076739,0.166667,0.186846,0.099976,0.006181,0.052252,0.069975,0.142857,0.006181,0.051266,0.742268,0.030769,0.02459,0.04878,0.0625,0.06927,0.071195,0.11254,0.220588,0.092715,0.69512,0.068548,1
229,0.146341,0.213836,0.230769,0.0,0.053097,0.196721,0.180851,0.461538,0.155172,0.2,0.193548,0.655914,0.185294,0.62069,1.0,0.151079,0.0,0.232564,0.285116,0.049668,0.165766,0.203474,0.047619,0.049668,0.1647,1.0,0.230769,0.196721,0.186992,0.3125,0.185139,0.216039,0.196141,0.411765,0.136424,0.287641,0.125,1
230,0.018293,0.0,0.0,0.025,0.0059,0.0,0.0,0.211538,0.0,0.0,0.0,0.462366,0.0,0.0,0.0,0.01199,0.111111,0.036163,0.077839,0.001121,0.010811,0.017866,0.166667,0.001121,0.010077,0.484536,0.0,0.0,0.0,0.1875,0.015113,0.020458,0.016077,0.117647,0.013245,0.370777,0.012097,1
231,0.018293,0.025157,0.038462,0.0,0.0,0.02459,0.021277,0.307692,0.017241,0.166667,0.016129,0.462366,0.020588,0.103448,1.0,0.033573,0.055556,0.022841,0.110038,0.001576,0.010811,0.01737,0.119048,0.001576,0.010561,1.0,0.030769,0.02459,0.020325,0.3125,0.015113,0.01964,0.016077,0.176471,0.019868,0.0,0.02621,1
232,0.115854,0.025157,0.115385,0.05,0.047198,0.032787,0.021277,0.230769,0.034483,0.0,0.048387,1.0,0.032353,0.0,0.0,0.035971,0.0,0.086728,0.12501,0.004748,0.032432,0.045658,0.119048,0.004748,0.031745,0.226804,0.030769,0.032787,0.036585,0.0625,0.054156,0.040917,0.07074,0.220588,0.099338,0.678159,0.03629,1
233,0.02439,0.201258,0.192308,0.05,0.053097,0.245902,0.170213,0.288462,0.241379,0.043333,0.241935,0.88172,0.220588,0.206897,0.35,0.203837,0.111111,0.656054,0.153586,0.042326,0.248649,0.287345,0.095238,0.042326,0.248716,0.371134,0.246154,0.245902,0.239837,0.270833,0.269521,0.299509,0.350482,0.264706,0.144371,0.27068,0.177419,0
234,0.115854,0.037736,0.076923,0.0375,0.044248,0.040984,0.031915,0.211538,0.034483,0.11,0.048387,0.784946,0.032353,0.103448,0.75,0.059952,0.166667,0.097991,0.1201,0.004881,0.034234,0.048635,0.119048,0.004881,0.033929,0.793814,0.046154,0.040984,0.03252,0.104167,0.036524,0.057283,0.061093,0.279412,0.07947,0.510635,0.054435,1
235,0.079268,0.012579,0.076923,0.1125,0.020649,0.016393,0.010638,0.134615,0.017241,0.0,0.032258,1.0,0.014706,0.0,0.0,0.031175,0.0,0.106988,0.059728,0.001636,0.01982,0.030769,0.214286,0.001636,0.019648,0.309278,0.015385,0.016393,0.01626,0.083333,0.028967,0.032733,0.048232,0.132353,0.05298,0.635479,0.042339,1
236,0.207317,0.08805,0.346154,0.0625,0.076696,0.106557,0.074468,0.173077,0.103448,0.046667,0.096774,0.763441,0.114706,0.103448,0.38,0.143885,0.277778,0.241003,0.214521,0.030215,0.12973,0.163772,0.047619,0.030215,0.130103,0.42268,0.107692,0.106557,0.130081,0.104167,0.166247,0.162848,0.186495,0.323529,0.162914,0.444321,0.129032,1
237,0.030488,0.0,0.0,0.025,0.0059,0.0,0.0,0.269231,0.0,0.0,0.0,0.462366,0.0,0.0,0.0,0.007194,0.111111,0.023434,0.11857,0.001824,0.012613,0.020347,0.119048,0.001824,0.011601,0.484536,0.0,0.0,0.0,0.1875,0.021411,0.020458,0.016077,0.132353,0.013245,0.427777,0.008065,1
238,0.012195,0.012579,0.076923,0.025,0.038348,0.016393,0.010638,0.038462,0.017241,0.0,0.032258,1.0,0.026471,0.0,0.0,0.098321,0.055556,0.17063,0.206633,0.020697,0.091892,0.121092,0.071429,0.020697,0.091636,0.309278,0.015385,0.016393,0.03252,0.0625,0.13602,0.112111,0.138264,0.279412,0.074172,0.336299,0.084677,0
239,0.0,0.012579,0.0,0.0,0.0,0.008197,0.010638,0.557692,0.0,0.333333,0.0,0.27957,0.008824,0.068966,1.0,0.007194,0.055556,0.007742,0.06174,0.000374,0.003604,0.005955,0.214286,0.000374,0.003098,1.0,0.015385,0.008197,0.00813,0.583333,0.005038,0.007365,0.003215,0.088235,0.001325,0.0,0.004032,1
240,0.0,0.012579,0.0,0.0,0.0,0.008197,0.010638,0.557692,0.0,0.333333,0.0,0.27957,0.008824,0.068966,1.0,0.007194,0.055556,0.026956,0.019882,0.000101,0.001802,0.003474,0.47619,0.000101,0.001831,1.0,0.015385,0.008197,0.00813,0.583333,0.002519,0.00491,0.006431,0.058824,0.001325,0.0,0.004032,1
241,0.018293,0.0,0.0,0.0125,0.017699,0.0,0.0,0.346154,0.0,0.0,0.0,0.462366,0.0,0.0,0.0,0.004796,0.055556,0.012938,0.01143,1.2e-05,0.0,0.0,0.619048,1.2e-05,0.0,0.484536,0.0,0.0,0.0,0.1875,0.001259,0.0,0.003215,0.029412,0.013245,0.648825,0.004032,1
242,0.054878,0.025157,0.115385,0.05,0.0,0.032787,0.021277,0.288462,0.034483,0.0,0.048387,1.0,0.035294,0.103448,1.0,0.026379,0.111111,0.069361,0.06496,0.001316,0.014414,0.022829,0.214286,0.001316,0.01437,1.0,0.030769,0.032787,0.04065,0.229167,0.025189,0.022095,0.038585,0.132353,0.029139,0.264841,0.028226,1
243,0.073171,0.0,0.076923,0.0125,0.023599,0.0,0.0,0.038462,0.0,0.0,0.016129,1.0,0.002941,0.0,0.0,0.06235,0.0,0.214256,0.132416,0.011373,0.075676,0.100248,0.095238,0.011373,0.074812,0.484536,0.0,0.0,0.004065,0.041667,0.115869,0.090835,0.138264,0.205882,0.059603,0.305158,0.052419,1
244,0.237805,0.037736,0.307692,0.1125,0.041298,0.04918,0.031915,0.057692,0.051724,0.0,0.064516,1.0,0.055882,0.0,0.0,0.129496,0.444444,0.317094,0.159301,0.022636,0.127928,0.158313,0.095238,0.022636,0.127756,0.175258,0.046154,0.04918,0.065041,0.020833,0.138539,0.171849,0.205788,0.323529,0.181457,0.385236,0.125,1
245,0.036585,0.037736,0.076923,0.0,0.050147,0.04918,0.031915,0.25,0.051724,0.0,0.016129,0.354839,0.047059,0.0,0.0,0.055156,0.111111,0.071419,0.148515,0.005549,0.032432,0.049132,0.095238,0.005549,0.031839,0.175258,0.046154,0.04918,0.052846,0.145833,0.050378,0.0491,0.048232,0.191176,0.058278,0.513833,0.044355,1
246,0.030488,0.025157,0.038462,0.0,0.0,0.02459,0.021277,0.269231,0.017241,0.166667,0.016129,0.462366,0.020588,0.068966,0.67,0.038369,0.0,0.049275,0.100137,0.002118,0.016216,0.025806,0.142857,0.002118,0.016299,0.742268,0.030769,0.02459,0.020325,0.25,0.025189,0.027005,0.032154,0.176471,0.025166,0.0,0.030242,1
247,0.085366,0.025157,0.076923,0.1375,0.014749,0.032787,0.021277,0.173077,0.034483,0.0,0.032258,0.731183,0.029412,0.0,0.0,0.035971,0.277778,0.149498,0.057555,0.002063,0.027027,0.037221,0.238095,0.002063,0.025991,0.226804,0.030769,0.032787,0.03252,0.125,0.035264,0.03928,0.07717,0.176471,0.056954,0.60114,0.050403,1
248,0.018293,0.018868,0.192308,0.025,0.038348,0.0,0.021277,0.134615,0.0,0.0,0.048387,1.0,0.073529,0.0,0.0,0.071942,0.0,0.144337,0.123159,0.007059,0.048649,0.071464,0.119048,0.007059,0.048815,0.226804,0.0,0.0,0.093496,0.104167,0.065491,0.076105,0.07717,0.191176,0.060927,0.40887,0.0625,1
249,0.335366,0.194969,0.961538,0.0375,0.268437,0.032787,0.297872,0.346154,0.034483,0.0,0.403226,0.860215,0.191176,0.0,0.0,0.304556,0.166667,0.164319,0.604765,0.153652,0.25045,0.294293,0.0,0.153652,0.249309,0.0,0.030769,0.032787,0.150407,0.1875,0.27204,0.309329,0.21865,0.676471,0.362914,0.575699,0.260081,0
250,0.02439,0.0,0.0,0.025,0.011799,0.0,0.0,0.25,0.0,0.0,0.0,0.462366,0.002941,0.0,0.0,0.009592,0.055556,0.031315,0.053691,0.000552,0.007207,0.011414,0.238095,0.000552,0.006206,0.484536,0.0,0.0,0.004065,0.166667,0.015113,0.00982,0.016077,0.073529,0.015894,0.52134,0.010081,1
251,0.103659,0.075472,0.115385,0.35,0.017699,0.098361,0.06383,0.192308,0.103448,0.0,0.080645,0.731183,0.094118,0.0,0.0,0.055156,0.0,0.248884,0.368027,0.085627,0.223423,0.274442,0.02381,0.085627,0.223812,0.103093,0.092308,0.098361,0.105691,0.166667,0.268262,0.279051,0.215434,0.397059,0.095364,0.750313,0.100806,1
252,0.030488,0.0,0.038462,0.0125,0.0059,0.0,0.0,0.076923,0.0,0.0,0.016129,1.0,0.047059,0.0,0.0,0.040767,0.111111,0.17349,0.030588,0.000949,0.01982,0.030273,0.357143,0.000949,0.018475,0.484536,0.0,0.0,0.065041,0.083333,0.039043,0.025368,0.054662,0.044118,0.030464,0.160434,0.034274,1
253,0.189024,0.050314,0.192308,0.0875,0.088496,0.065574,0.042553,0.211538,0.068966,0.0,0.064516,0.817204,0.061765,0.0,0.0,0.064748,0.0,0.162889,0.12984,0.008602,0.057658,0.079404,0.095238,0.008602,0.057124,0.14433,0.061538,0.065574,0.069106,0.083333,0.080605,0.079378,0.102894,0.220588,0.123179,0.734881,0.066532,0
254,0.20122,0.050314,0.192308,0.225,0.082596,0.065574,0.042553,0.115385,0.068966,0.0,0.048387,0.645161,0.070588,0.0,0.0,0.091127,0.111111,0.225171,0.261692,0.041075,0.147748,0.18263,0.047619,0.041075,0.147375,0.14433,0.061538,0.065574,0.081301,0.0625,0.164987,0.194763,0.189711,0.411765,0.152318,0.710552,0.110887,1
255,0.0,0.037736,0.0,0.0,0.0,0.02459,0.031915,1.0,0.0,1.0,0.0,0.139785,0.020588,0.137931,1.0,0.007194,0.055556,0.043137,0.033003,0.000319,0.005405,0.009429,0.357143,0.000319,0.005059,1.0,0.046154,0.040984,0.01626,1.0,0.007557,0.011457,0.012862,0.073529,0.001325,0.0,0.004032,1
256,0.012195,0.0,0.0,0.0,0.0,0.0,0.0,0.307692,0.0,0.0,0.0,0.462366,0.0,0.0,0.0,0.009592,0.055556,0.0,0.045641,0.000151,0.001802,0.001985,0.285714,0.000151,0.000931,0.484536,0.0,0.0,0.0,0.270833,0.002519,0.002455,0.0,0.058824,0.005298,0.0,0.006048,1
257,0.012195,0.0,0.076923,0.0,0.0059,0.0,0.0,0.480769,0.0,0.0,0.016129,1.0,0.002941,0.0,0.0,0.002398,0.0,0.033477,0.031071,0.000241,0.003604,0.006452,0.357143,0.000241,0.003748,0.484536,0.0,0.0,0.004065,0.3125,0.008816,0.005728,0.016077,0.073529,0.003974,0.308911,0.0,1
258,0.189024,0.100629,0.192308,0.15,0.073746,0.122951,0.085106,0.230769,0.12069,0.043333,0.080645,0.569892,0.105882,0.068966,0.22,0.110312,0.111111,0.141477,0.367303,0.051728,0.135135,0.167742,0.02381,0.051728,0.134567,0.278351,0.123077,0.122951,0.113821,0.125,0.171285,0.166121,0.163987,0.485294,0.148344,0.577923,0.114919,1
259,0.45122,0.125786,0.384615,0.375,0.053097,0.155738,0.106383,0.173077,0.155172,0.033333,0.145161,0.817204,0.173529,0.068966,0.18,0.136691,0.166667,0.274759,0.28898,0.059315,0.194595,0.235732,0.047619,0.059315,0.194624,0.226804,0.153846,0.155738,0.199187,0.083333,0.25063,0.226678,0.237942,0.367647,0.234437,0.60114,0.173387,1
260,0.817073,0.358491,0.346154,0.7875,0.091445,0.139344,0.414894,0.25,0.12069,0.126667,0.354839,0.526882,0.332353,0.172414,0.13,0.410072,0.277778,0.330904,0.422523,0.144962,0.333333,0.37469,0.02381,0.144962,0.333185,0.123711,0.153846,0.139344,0.300813,0.166667,0.332494,0.402619,0.344051,0.602941,0.525828,0.482274,0.469758,1
261,0.085366,0.0,0.538462,0.0,0.020649,0.0,0.0,0.019231,0.0,0.0,0.016129,1.0,0.041176,0.0,0.0,0.083933,0.055556,0.303006,0.107542,0.010892,0.086486,0.113648,0.119048,0.010892,0.086126,0.484536,0.0,0.0,0.056911,0.020833,0.115869,0.11293,0.157556,0.191176,0.071523,0.202697,0.068548,1
262,0.036585,0.012579,0.038462,0.0875,0.0059,0.016393,0.010638,0.307692,0.017241,0.0,0.016129,0.645161,0.017647,0.0,0.0,0.004796,0.0,0.037627,0.067134,0.000896,0.009009,0.015385,0.190476,0.000896,0.00896,0.309278,0.015385,0.016393,0.020325,0.229167,0.015113,0.016367,0.019293,0.117647,0.019868,0.735993,0.016129,1
263,0.20122,0.012579,0.153846,0.1,0.011799,0.016393,0.010638,0.173077,0.017241,0.0,0.032258,1.0,0.026471,0.0,0.0,0.023981,0.166667,0.074139,0.103276,0.003011,0.023423,0.034739,0.142857,0.003011,0.02329,0.309278,0.015385,0.016393,0.03252,0.0625,0.035264,0.035188,0.051447,0.205882,0.070199,0.595857,0.034274,1
264,0.121951,0.050314,0.153846,0.05,0.047198,0.057377,0.042553,0.288462,0.051724,0.083333,0.064516,0.817204,0.05,0.068966,0.4,0.05036,0.222222,0.163517,0.101183,0.005606,0.046847,0.063524,0.142857,0.005606,0.045823,0.484536,0.061538,0.057377,0.052846,0.145833,0.047859,0.074468,0.090032,0.264706,0.078146,0.591547,0.048387,1
265,0.097561,0.037736,0.076923,0.1375,0.082596,0.032787,0.031915,0.134615,0.017241,0.333333,0.0,0.139785,0.047059,0.137931,1.0,0.067146,0.111111,0.119682,0.148354,0.008366,0.05045,0.070968,0.095238,0.008366,0.049085,1.0,0.046154,0.032787,0.052846,0.083333,0.06927,0.072831,0.07717,0.220588,0.107285,0.742666,0.076613,1
266,0.189024,0.025157,0.269231,0.0125,0.085546,0.032787,0.021277,0.096154,0.034483,0.0,0.048387,1.0,0.082353,0.0,0.0,0.088729,0.0,0.270086,0.135797,0.014681,0.095495,0.126551,0.095238,0.014681,0.094995,0.226804,0.030769,0.032787,0.105691,0.041667,0.117128,0.133388,0.144695,0.220588,0.127152,0.571389,0.074597,1
267,0.006098,0.0,0.0,0.0,0.0,0.0,0.0,0.346154,0.0,0.0,0.0,0.462366,0.0,0.0,0.0,0.007194,0.111111,0.027584,0.009418,2.7e-05,0.001802,0.001489,0.666667,2.7e-05,0.000723,0.484536,0.0,0.0,0.0,0.333333,0.0,0.003273,0.003215,0.044118,0.002649,0.0,0.004032,1
268,0.018293,0.050314,0.0,0.0,0.0,0.04918,0.042553,0.692308,0.034483,0.223333,0.0,0.107527,0.038235,0.103448,0.6,0.021583,0.111111,0.001848,0.229172,0.00329,0.012613,0.020844,0.047619,0.00329,0.011397,0.659794,0.061538,0.04918,0.036585,0.625,0.02267,0.020458,0.006431,0.147059,0.013245,0.0,0.016129,1
269,0.030488,0.0,0.346154,0.0,0.017699,0.0,0.0,0.057692,0.0,0.0,0.016129,1.0,0.023529,0.0,0.0,0.057554,0.0,0.178302,0.099412,0.005872,0.048649,0.068983,0.142857,0.005872,0.048849,0.484536,0.0,0.0,0.03252,0.0625,0.066751,0.071195,0.096463,0.191176,0.043709,0.231753,0.046371,1
270,0.140244,0.037736,0.192308,0.125,0.026549,0.04918,0.031915,0.153846,0.051724,0.0,0.064516,1.0,0.047059,0.137931,1.0,0.059952,0.055556,0.166097,0.1007,0.005634,0.046847,0.063524,0.142857,0.005634,0.046273,1.0,0.046154,0.04918,0.052846,0.104167,0.071788,0.05892,0.109325,0.205882,0.086093,0.528291,0.068548,1
271,0.079268,0.08805,0.192308,0.025,0.0,0.114754,0.074468,0.192308,0.12069,0.0,0.129032,1.0,0.158824,0.0,0.0,0.134293,0.0,0.616299,0.037753,0.004228,0.075676,0.100248,0.309524,0.004228,0.0751,0.082474,0.107692,0.114754,0.191057,0.208333,0.120907,0.087561,0.173633,0.058824,0.091391,0.043515,0.114919,1
272,0.0,0.100629,0.192308,0.05,0.044248,0.04918,0.117021,0.307692,0.051724,0.0,0.080645,0.419355,0.108824,0.0,0.0,0.129496,0.055556,0.206444,0.093134,0.005999,0.054054,0.070968,0.142857,0.005999,0.05288,0.051546,0.046154,0.04918,0.105691,0.291667,0.066751,0.074468,0.122186,0.235294,0.09404,0.334353,0.114919,1
273,0.060976,0.08805,0.115385,0.15,0.058997,0.114754,0.074468,0.173077,0.12069,0.0,0.032258,0.27957,0.120588,0.0,0.0,0.117506,0.222222,0.157832,0.249457,0.027403,0.102703,0.138958,0.047619,0.027403,0.10215,0.082474,0.107692,0.114754,0.138211,0.104167,0.13728,0.140753,0.115756,0.279412,0.170861,0.51133,0.120968,1
274,0.006098,0.037736,0.153846,0.0125,0.0,0.04918,0.031915,0.211538,0.051724,0.0,0.032258,0.569892,0.044118,0.0,0.0,0.06235,0.0,0.070721,0.087821,0.0022,0.01982,0.029777,0.166667,0.0022,0.019251,0.175258,0.046154,0.04918,0.04878,0.25,0.032746,0.028642,0.045016,0.161765,0.034437,0.042124,0.052419,1
275,0.018293,0.012579,0.076923,0.0,0.0,0.016393,0.010638,0.307692,0.017241,0.0,0.032258,1.0,0.020588,0.0,0.0,0.021583,0.055556,0.004359,0.126137,0.001197,0.007207,0.011911,0.119048,0.001197,0.006452,0.309278,0.015385,0.016393,0.02439,0.291667,0.013854,0.011457,0.006431,0.117647,0.013245,0.0,0.016129,1
276,0.006098,0.0,0.038462,0.0125,0.0,0.0,0.0,0.134615,0.0,0.0,0.016129,1.0,0.032353,0.0,0.0,0.026379,0.055556,0.165923,0.055864,0.002163,0.028829,0.045161,0.238095,0.002163,0.027994,0.484536,0.0,0.0,0.044715,0.166667,0.059194,0.036825,0.061093,0.058824,0.01457,0.077297,0.022177,1
277,0.073171,0.037736,0.153846,0.025,0.035398,0.04918,0.031915,0.173077,0.051724,0.0,0.064516,1.0,0.05,0.0,0.0,0.076739,0.055556,0.165713,0.136199,0.009504,0.061261,0.08139,0.095238,0.009504,0.060617,0.175258,0.046154,0.04918,0.056911,0.104167,0.083123,0.081015,0.118971,0.264706,0.084768,0.374253,0.066532,1
278,0.323171,0.339623,0.5,0.5625,0.038348,0.442623,0.287234,0.25,0.465517,0.0,0.419355,0.924731,0.461765,0.206897,0.21,0.297362,0.0,0.294323,0.431055,0.135122,0.304505,0.355831,0.02381,0.135122,0.304455,0.216495,0.415385,0.442623,0.528455,0.1875,0.384131,0.337971,0.292605,0.441176,0.331126,0.428889,0.33871,1
279,0.060976,0.025157,0.192308,0.0625,0.00295,0.032787,0.021277,0.269231,0.034483,0.0,0.032258,0.731183,0.047059,0.0,0.0,0.026379,0.111111,0.084356,0.078322,0.002084,0.021622,0.031266,0.166667,0.002084,0.020153,0.226804,0.030769,0.032787,0.056911,0.208333,0.034005,0.030278,0.048232,0.147059,0.033113,0.362714,0.030242,1
280,0.036585,0.0,0.115385,0.05,0.044248,0.0,0.0,0.192308,0.0,0.0,0.016129,1.0,0.008824,0.0,0.0,0.009592,0.166667,0.032396,0.066248,0.000799,0.009009,0.0134,0.190476,0.000799,0.007904,0.484536,0.0,0.0,0.012195,0.083333,0.011335,0.015548,0.016077,0.132353,0.035762,0.910747,0.014113,1
281,0.097561,0.050314,0.192308,0.0375,0.023599,0.057377,0.042553,0.384615,0.051724,0.083333,0.048387,0.645161,0.067647,0.137931,0.8,0.038369,0.0,0.10664,0.218305,0.015364,0.064865,0.086849,0.047619,0.015364,0.064024,0.824742,0.061538,0.057377,0.077236,0.208333,0.085642,0.08838,0.096463,0.338235,0.054305,0.463367,0.03629,1
282,0.310976,0.201258,0.384615,0.1125,0.215339,0.237705,0.170213,0.230769,0.224138,0.07,0.145161,0.526882,0.205882,0.275862,0.47,0.242206,0.055556,0.156682,0.503824,0.103529,0.2,0.250124,0.02381,0.103529,0.200016,0.484536,0.246154,0.237705,0.219512,0.104167,0.238035,0.258592,0.167203,0.485294,0.307285,0.603225,0.219758,0
283,0.030488,0.012579,0.038462,0.0,0.0,0.016393,0.010638,0.211538,0.017241,0.0,0.032258,1.0,0.014706,0.0,0.0,0.033573,0.055556,0.095027,0.064075,0.001658,0.01982,0.02928,0.214286,0.001658,0.018754,0.309278,0.015385,0.016393,0.01626,0.208333,0.026448,0.031915,0.045016,0.147059,0.022517,0.0,0.02621,1
284,0.006098,0.0,0.153846,0.0,0.017699,0.0,0.0,0.019231,0.0,0.0,0.016129,1.0,0.008824,0.0,0.0,0.086331,0.0,0.306493,0.092973,0.008601,0.077477,0.098263,0.142857,0.008601,0.076738,0.484536,0.0,0.0,0.012195,0.041667,0.109572,0.091653,0.180064,0.205882,0.054305,0.17378,0.070565,1
285,0.146341,0.188679,0.269231,0.1625,0.162242,0.229508,0.159574,0.230769,0.224138,0.046667,0.080645,0.301075,0.217647,0.206897,0.38,0.208633,0.055556,0.171223,0.368108,0.061269,0.16036,0.19603,0.02381,0.061269,0.159489,0.391753,0.230769,0.229508,0.239837,0.145833,0.212846,0.185761,0.192926,0.455882,0.234437,0.587238,0.199597,1
286,0.030488,0.0,0.038462,0.0,0.0,0.0,0.0,0.307692,0.0,0.0,0.016129,1.0,0.005882,0.0,0.0,0.009592,0.055556,0.012205,0.035579,0.000166,0.001802,0.003474,0.333333,0.000166,0.001831,0.484536,0.0,0.0,0.00813,0.229167,0.002519,0.00491,0.003215,0.073529,0.009272,0.0,0.006048,1
287,0.02439,0.0,0.0,0.0,0.00295,0.0,0.0,0.192308,0.0,0.0,0.0,0.462366,0.002941,0.0,0.0,0.019185,0.166667,0.020296,0.044514,0.000314,0.003604,0.005955,0.285714,0.000314,0.003621,0.484536,0.0,0.0,0.004065,0.166667,0.007557,0.005728,0.012862,0.102941,0.01457,0.092729,0.014113,1
288,0.134146,0.012579,0.0,0.0375,0.038348,0.04918,0.010638,0.096154,0.051724,0.0,0.0,0.27957,0.020588,0.0,0.0,0.06235,0.055556,0.180674,0.409482,0.078733,0.185586,0.261042,0.02381,0.078733,0.185476,0.309278,0.046154,0.04918,0.02439,0.041667,0.329975,0.216858,0.118971,0.176471,0.082119,0.463367,0.056452,1
289,0.0,0.050314,0.115385,0.025,0.058997,0.040984,0.042553,0.326923,0.017241,0.5,0.016129,0.27957,0.038235,0.0,0.0,0.05036,0.0,0.109813,0.089511,0.003234,0.028829,0.039702,0.142857,0.003234,0.028664,0.14433,0.061538,0.040984,0.036585,0.208333,0.044081,0.037643,0.083601,0.235294,0.05298,0.624218,0.044355,1
290,0.091463,0.050314,0.153846,0.1125,0.064897,0.065574,0.042553,0.173077,0.068966,0.0,0.080645,1.0,0.073529,0.0,0.0,0.071942,0.166667,0.13921,0.153989,0.010169,0.059459,0.084367,0.095238,0.010169,0.058053,0.14433,0.061538,0.065574,0.085366,0.104167,0.071788,0.09329,0.07717,0.220588,0.098013,0.643264,0.076613,1
291,0.085366,0.012579,0.038462,0.0375,0.100295,0.016393,0.010638,0.192308,0.017241,0.0,0.032258,1.0,0.017647,0.0,0.0,0.028777,0.111111,0.085333,0.057474,0.001276,0.016216,0.023821,0.238095,0.001276,0.015477,0.309278,0.015385,0.016393,0.020325,0.041667,0.023929,0.02455,0.045016,0.147059,0.080795,0.935215,0.028226,0
292,0.335366,0.025157,0.346154,0.0,0.067847,0.032787,0.021277,0.288462,0.034483,0.0,0.048387,1.0,0.041176,0.0,0.0,0.035971,0.0,0.154764,0.042743,0.001359,0.021622,0.032258,0.285714,0.001359,0.021159,0.226804,0.030769,0.032787,0.04878,0.041667,0.030227,0.03437,0.061093,0.117647,0.12053,0.726679,0.028226,1
293,0.012195,0.125786,0.384615,0.175,0.230088,0.155738,0.106383,0.173077,0.155172,0.033333,0.080645,0.462366,0.138235,0.103448,0.27,0.17506,0.388889,0.287697,0.091765,0.007933,0.072072,0.093797,0.142857,0.007933,0.071433,0.309278,0.153846,0.155738,0.150407,0.104167,0.100756,0.090016,0.157556,0.191176,0.218543,0.747949,0.173387,0
294,0.04878,0.012579,0.076923,0.025,0.056047,0.016393,0.010638,0.192308,0.017241,0.0,0.032258,1.0,0.014706,0.0,0.0,0.033573,0.055556,0.085751,0.065765,0.001588,0.018018,0.025806,0.214286,0.001588,0.017499,0.309278,0.015385,0.016393,0.01626,0.083333,0.021411,0.02946,0.048232,0.205882,0.054305,0.712081,0.030242,0
295,0.103659,0.113208,0.269231,0.0,0.023599,0.131148,0.095745,0.307692,0.12069,0.083333,0.112903,0.709677,0.141176,0.137931,0.4,0.117506,0.222222,0.146359,0.197215,0.016623,0.077477,0.101737,0.071429,0.016623,0.076474,0.43299,0.138462,0.131148,0.158537,0.25,0.105793,0.099836,0.122186,0.308824,0.095364,0.176561,0.096774,1
296,0.054878,0.025157,0.153846,0.025,0.038348,0.032787,0.021277,0.269231,0.034483,0.0,0.048387,1.0,0.032353,0.0,0.0,0.033573,0.0,0.136735,0.09748,0.0045,0.037838,0.054591,0.142857,0.0045,0.037654,0.226804,0.030769,0.032787,0.036585,0.145833,0.042821,0.063011,0.07074,0.220588,0.047682,0.595857,0.030242,1
297,0.02439,0.0,0.076923,0.0,0.011799,0.0,0.0,0.25,0.0,0.0,0.016129,1.0,0.002941,0.0,0.0,0.014388,0.055556,0.05726,0.030427,0.000354,0.007207,0.010422,0.357143,0.000354,0.006179,0.484536,0.0,0.0,0.004065,0.166667,0.007557,0.013093,0.019293,0.102941,0.015894,0.34756,0.010081,1
298,0.060976,0.062893,0.230769,0.0125,0.047198,0.081967,0.053191,0.269231,0.086207,0.0,0.064516,0.688172,0.070588,0.0,0.0,0.079137,0.277778,0.078742,0.273042,0.01832,0.063063,0.085856,0.047619,0.01832,0.061917,0.113402,0.076923,0.081967,0.077236,0.166667,0.076826,0.092471,0.073955,0.367647,0.076821,0.422077,0.066532,1
299,0.109756,0.018868,0.230769,0.0875,0.017699,0.0,0.021277,0.134615,0.0,0.0,0.032258,0.731183,0.032353,0.0,0.0,0.055156,0.166667,0.147684,0.130403,0.007956,0.052252,0.068983,0.095238,0.007956,0.052485,0.226804,0.0,0.0,0.036585,0.104167,0.066751,0.071195,0.118971,0.323529,0.068874,0.430279,0.058468,1
300,0.286585,0.075472,0.269231,0.3375,0.082596,0.065574,0.074468,0.115385,0.068966,0.0,0.080645,0.645161,0.132353,0.0,0.0,0.127098,0.055556,0.140815,0.349674,0.04691,0.127928,0.160794,0.02381,0.04691,0.127778,0.082474,0.061538,0.065574,0.154472,0.083333,0.166247,0.157938,0.157556,0.455882,0.202649,0.670791,0.159274,1
301,0.012195,0.025157,0.038462,0.0,0.0,0.032787,0.021277,0.25,0.034483,0.0,0.016129,0.462366,0.026471,0.0,0.0,0.043165,0.111111,0.046241,0.112936,0.002503,0.018018,0.030273,0.119048,0.002503,0.01746,0.226804,0.030769,0.032787,0.028455,0.270833,0.032746,0.02946,0.025723,0.117647,0.023841,0.0,0.034274,1
302,0.0,0.050314,0.115385,0.025,0.020649,0.057377,0.042553,0.307692,0.051724,0.083333,0.064516,0.817204,0.044118,0.137931,0.8,0.052758,0.055556,0.091714,0.109313,0.003926,0.030631,0.04268,0.119048,0.003926,0.02938,0.824742,0.061538,0.057377,0.044715,0.291667,0.039043,0.045827,0.061093,0.235294,0.038411,0.338106,0.046371,0
303,0.042683,0.012579,0.038462,0.025,0.0,0.016393,0.010638,0.173077,0.017241,0.0,0.016129,0.645161,0.014706,0.0,0.0,0.038369,0.111111,0.170979,0.039523,0.001331,0.023423,0.034243,0.309524,0.001331,0.021956,0.309278,0.015385,0.016393,0.01626,0.145833,0.041562,0.030278,0.064309,0.073529,0.030464,0.115807,0.034274,1
304,0.085366,0.025157,0.115385,0.0375,0.035398,0.032787,0.021277,0.25,0.034483,0.0,0.048387,1.0,0.032353,0.0,0.0,0.033573,0.0,0.140989,0.070756,0.002715,0.030631,0.042184,0.190476,0.002715,0.029253,0.226804,0.030769,0.032787,0.036585,0.125,0.037783,0.045827,0.073955,0.191176,0.054305,0.595857,0.032258,1
305,0.195122,0.062893,0.5,0.2,0.067847,0.081967,0.053191,0.096154,0.086207,0.0,0.096774,1.0,0.097059,0.0,0.0,0.127098,0.5,0.341156,0.159462,0.024271,0.136937,0.167246,0.095238,0.024271,0.137031,0.113402,0.076923,0.081967,0.113821,0.0625,0.153652,0.176759,0.228296,0.323529,0.170861,0.553316,0.137097,0
306,0.006098,0.0,0.038462,0.0,0.0,0.0,0.0,0.307692,0.0,0.0,0.016129,1.0,0.002941,0.0,0.0,0.009592,0.0,0.013356,0.037592,0.000191,0.003604,0.004467,0.309524,0.000191,0.00213,0.484536,0.0,0.0,0.004065,0.3125,0.003778,0.005728,0.003215,0.058824,0.003974,0.0,0.006048,1
307,0.018293,0.0,0.0,0.025,0.0,0.016393,0.0,0.269231,0.017241,0.0,0.0,0.462366,0.0,0.0,0.0,0.007194,0.111111,0.059841,0.039362,0.000537,0.009009,0.0134,0.309524,0.000537,0.008061,0.484536,0.015385,0.016393,0.0,0.229167,0.007557,0.018003,0.019293,0.132353,0.007947,0.252746,0.008065,1
308,0.164634,0.062893,0.153846,0.05,0.097345,0.008197,0.085106,0.384615,0.0,0.333333,0.048387,0.354839,0.058824,0.103448,0.33,0.076739,0.166667,0.08746,0.191339,0.010276,0.048649,0.064516,0.071429,0.010276,0.047833,0.381443,0.015385,0.008197,0.04878,0.166667,0.062972,0.066285,0.086817,0.367647,0.124503,0.685806,0.070565,1
309,0.054878,0.100629,0.0,0.075,0.017699,0.131148,0.085106,0.230769,0.137931,0.0,0.0,0.032258,0.097059,0.137931,0.44,0.1247,0.166667,0.083938,0.251067,0.016445,0.061261,0.086849,0.047619,0.016445,0.060062,0.484536,0.123077,0.131148,0.101626,0.229167,0.099496,0.079378,0.073955,0.25,0.09404,0.238287,0.114919,0
310,0.036585,0.176101,0.115385,0.0125,0.056047,0.204918,0.148936,0.346154,0.189655,0.083333,0.096774,0.397849,0.164706,0.275862,0.53,0.158273,0.333333,0.276329,0.12823,0.01356,0.091892,0.120596,0.095238,0.01356,0.09221,0.546392,0.215385,0.213115,0.170732,0.291667,0.099496,0.135025,0.151125,0.264706,0.119205,0.302238,0.133065,1
311,0.073171,0.012579,0.038462,0.0375,0.011799,0.016393,0.010638,0.269231,0.017241,0.0,0.016129,0.645161,0.014706,0.068966,1.0,0.019185,0.0,0.031071,0.09249,0.001374,0.010811,0.016873,0.142857,0.001374,0.010755,1.0,0.015385,0.016393,0.01626,0.145833,0.018892,0.016367,0.025723,0.176471,0.033113,0.463367,0.020161,1
312,0.0,0.0,0.153846,0.0,0.017699,0.0,0.0,0.134615,0.0,0.0,0.016129,1.0,0.008824,0.0,0.0,0.031175,0.111111,0.085995,0.057716,0.001292,0.016216,0.023821,0.238095,0.001292,0.015643,0.484536,0.0,0.0,0.012195,0.125,0.018892,0.027823,0.041801,0.176471,0.022517,0.333658,0.024194,1
313,0.243902,0.050314,0.153846,0.3125,0.038348,0.04918,0.042553,0.076923,0.051724,0.0,0.048387,0.645161,0.064706,0.137931,0.8,0.100719,0.055556,0.223497,0.180633,0.020591,0.104505,0.132506,0.071429,0.020591,0.10336,0.824742,0.046154,0.04918,0.073171,0.041667,0.129723,0.135025,0.163987,0.308824,0.188079,0.614347,0.133065,1
314,0.02439,0.0,0.038462,0.025,0.017699,0.0,0.0,0.403846,0.0,0.0,0.016129,1.0,0.0,0.0,0.0,0.0,0.0,0.038325,0.031876,0.000277,0.005405,0.007444,0.357143,0.000277,0.004373,0.484536,0.0,0.0,0.0,0.1875,0.005038,0.00982,0.012862,0.102941,0.013245,0.794383,0.002016,1
315,0.006098,0.037736,0.038462,0.0125,0.0,0.04918,0.031915,0.192308,0.051724,0.0,0.064516,1.0,0.079412,0.0,0.0,0.069544,0.055556,0.360301,0.062626,0.005279,0.064865,0.088834,0.214286,0.005279,0.064595,0.175258,0.046154,0.04918,0.097561,0.229167,0.11461,0.072831,0.141479,0.088235,0.038411,0.038649,0.058468,1
316,0.060976,0.012579,0.346154,0.025,0.053097,0.016393,0.010638,0.25,0.017241,0.0,0.016129,0.645161,0.038235,0.0,0.0,0.023981,0.055556,0.135479,0.043307,0.001232,0.01982,0.028784,0.285714,0.001232,0.018836,0.309278,0.015385,0.016393,0.04878,0.041667,0.028967,0.02946,0.057878,0.117647,0.082119,0.772418,0.022177,1
317,0.054878,0.012579,0.076923,0.05,0.00885,0.016393,0.010638,0.192308,0.017241,0.0,0.032258,1.0,0.026471,0.0,0.0,0.026379,0.0,0.079091,0.176769,0.008218,0.041441,0.062035,0.071429,0.008218,0.040836,0.309278,0.015385,0.016393,0.03252,0.145833,0.070529,0.057283,0.057878,0.191176,0.033113,0.405533,0.028226,1
318,0.103659,0.106918,0.115385,0.0625,0.0,0.040984,0.138298,0.346154,0.034483,0.11,0.032258,0.139785,0.102941,0.103448,0.21,0.136691,0.166667,0.135898,0.266602,0.027279,0.095495,0.124069,0.047619,0.027279,0.09543,0.247423,0.046154,0.040984,0.089431,0.3125,0.094458,0.144026,0.115756,0.455882,0.101987,0.102183,0.122984,1
319,0.036585,0.037736,0.076923,0.0125,0.0,0.04918,0.031915,0.307692,0.051724,0.0,0.032258,0.569892,0.035294,0.0,0.0,0.043165,0.166667,0.089343,0.057716,0.001333,0.016216,0.02531,0.238095,0.001333,0.016192,0.175258,0.046154,0.04918,0.036585,0.291667,0.018892,0.030278,0.038585,0.161765,0.030464,0.05561,0.03629,1
320,0.945122,0.427673,0.192308,0.175,0.501475,0.483607,0.37234,0.269231,0.482759,0.033333,0.403226,0.677419,0.420588,0.689655,0.56,0.455635,0.055556,0.421188,0.557112,0.30974,0.547748,0.578164,0.0,0.30974,0.546926,0.556701,0.476923,0.483607,0.439024,0.104167,0.566751,0.585925,0.5209,0.705882,0.698013,0.673154,0.409274,0
321,0.085366,0.012579,0.076923,0.0,0.115044,0.016393,0.010638,0.038462,0.017241,0.0,0.0,0.27957,0.023529,0.0,0.0,0.098321,0.111111,0.184649,0.10722,0.006896,0.054054,0.068486,0.119048,0.006896,0.053958,0.309278,0.015385,0.016393,0.028455,0.0,0.098237,0.049918,0.167203,0.25,0.148344,0.630474,0.080645,1
322,0.408537,0.163522,0.384615,0.3375,0.120944,0.213115,0.138298,0.173077,0.224138,0.0,0.225806,1.0,0.208824,0.482759,1.0,0.206235,0.111111,0.137571,0.440071,0.071364,0.156757,0.22531,0.02381,0.071364,0.156552,1.0,0.2,0.213115,0.235772,0.104167,0.236776,0.218494,0.093248,0.220588,0.290066,0.590852,0.225806,1
323,0.054878,0.0,0.192308,0.0,0.035398,0.0,0.0,0.134615,0.0,0.0,0.016129,1.0,0.014706,0.0,0.0,0.028777,0.055556,0.099491,0.064075,0.001719,0.01982,0.028784,0.214286,0.001719,0.019531,0.484536,0.0,0.0,0.020325,0.0625,0.028967,0.02946,0.057878,0.176471,0.04106,0.556096,0.022177,1
324,0.018293,0.0,0.038462,0.0125,0.0059,0.0,0.0,0.25,0.0,0.0,0.0,0.462366,0.002941,0.0,0.0,0.01199,0.055556,0.027584,0.058762,0.000592,0.007207,0.009926,0.214286,0.000592,0.006184,0.484536,0.0,0.0,0.004065,0.1875,0.008816,0.011457,0.016077,0.147059,0.011921,0.297929,0.010081,1
325,0.036585,0.037736,0.115385,0.125,0.064897,0.04918,0.031915,0.230769,0.051724,0.0,0.016129,0.354839,0.055882,0.0,0.0,0.038369,0.388889,0.07093,0.159221,0.006255,0.034234,0.05062,0.095238,0.006255,0.033835,0.175258,0.046154,0.04918,0.065041,0.125,0.047859,0.053191,0.051447,0.235294,0.068874,0.823857,0.050403,1
326,0.006098,0.0,0.153846,0.0,0.0,0.0,0.0,0.307692,0.0,0.0,0.016129,1.0,0.011765,0.0,0.0,0.009592,0.0,0.053808,0.039765,0.000501,0.007207,0.012407,0.309524,0.000501,0.007376,0.484536,0.0,0.0,0.01626,0.3125,0.015113,0.011457,0.025723,0.088235,0.003974,0.0,0.006048,1
